{"log_file": "C:\\Users\\thund\\AppData\\Roaming\\AnimeWatcherPlus\\logs\\core.log", "event": "logging_configured", "level": "info", "timestamp": "2026-07-20T20:25:36.103698Z"}
{"banned_until_epoch": 1784662172.765216, "remaining_s": 83035.53178954124, "event": "anidb_ban_restored_from_previous_run", "level": "warning", "timestamp": "2026-07-20T20:25:37.233426Z"}
{"count": 415, "total_identified": 415, "ignore_staleness": false, "event": "metadata_rescan_enqueued", "level": "info", "timestamp": "2026-07-20T20:25:38.589587Z"}
{"data_dir": "C:\\Users\\thund\\AppData\\Roaming\\AnimeWatcherPlus", "event": "core_started", "level": "info", "timestamp": "2026-07-20T20:25:38.592656Z"}
{"event_name": "anime.discovered", "data": {"anime_id": 425, "path": "\\\\NIGHTMAREMOON\\media\\Hentai\\Imouto wa Gal Kawaii"}, "event": "event_published", "level": "info", "timestamp": "2026-07-20T20:25:49.083257Z"}
{"event_name": "anime.missing_on_disk", "data": {"anime_id": 425, "path": "\\\\NIGHTMAREMOON\\media\\Hentai\\Imouto wa Gal Kawaii"}, "event": "event_published", "level": "info", "timestamp": "2026-07-20T20:26:15.211149Z"}
{"event_name": "anime.identified", "data": {"anime_id": 1, "anidb_id": 18010, "score": null}, "event": "event_published", "level": "info", "timestamp": "2026-07-20T20:26:48.094352Z"}
{"event_name": "anime.identified", "data": {"anime_id": 2, "anidb_id": 18049, "score": null}, "event": "event_published", "level": "info", "timestamp": "2026-07-20T20:26:48.328872Z"}
{"event_name": "anime.identified", "data": {"anime_id": 3, "anidb_id": 16909, "score": null}, "event": "event_published", "level": "info", "timestamp": "2026-07-20T20:26:48.503871Z"}
{"event_name": "anime.identified", "data": {"anime_id": 4, "anidb_id": 19575, "score": null}, "event": "event_published", "level": "info", "timestamp": "2026-07-20T20:26:48.644038Z"}
{"event_name": "anime.identified", "data": {"anime_id": 5, "anidb_id": 15511, "score": null}, "event": "event_published", "level": "info", "timestamp": "2026-07-20T20:26:48.823121Z"}
{"event_name": "anime.identified", "data": {"anime_id": 6, "anidb_id": 14593, "score": null}, "event": "event_published", "level": "info", "timestamp": "2026-07-20T20:26:49.010778Z"}
{"event_name": "anime.identified", "data": {"anime_id": 7, "anidb_id": 15288, "score": null}, "event": "event_published", "level": "info", "timestamp": "2026-07-20T20:26:49.260294Z"}
{"event_name": "anime.identified", "data": {"anime_id": 8, "anidb_id": 17193, "score": null}, "event": "event_published", "level": "info", "timestamp": "2026-07-20T20:26:49.492513Z"}
{"event_name": "anime.identified", "data": {"anime_id": 9, "anidb_id": 19228, "score": null}, "event": "event_published", "level": "info", "timestamp": "2026-07-20T20:26:49.625422Z"}
{"event_name": "anime.identified", "data": {"anime_id": 10, "anidb_id": 15677, "score": null}, "event": "event_published", "level": "info", "timestamp": "2026-07-20T20:26:49.839962Z"}
{"event_name": "anime.identified", "data": {"anime_id": 12, "anidb_id": 18007, "score": null}, "event": "event_published", "level": "info", "timestamp": "2026-07-20T20:26:49.963402Z"}
{"event_name": "anime.identified", "data": {"anime_id": 13, "anidb_id": 18444, "score": null}, "event": "event_published", "level": "info", "timestamp": "2026-07-20T20:26:50.159699Z"}
{"event_name": "anime.identified", "data": {"anime_id": 14, "anidb_id": 15394, "score": null}, "event": "event_published", "level": "info", "timestamp": "2026-07-20T20:26:50.416290Z"}
{"event_name": "anime.identified", "data": {"anime_id": 15, "anidb_id": 11548, "score": null}, "event": "event_published", "level": "info", "timestamp": "2026-07-20T20:26:50.662674Z"}
{"event_name": "anime.identified", "data": {"anime_id": 16, "anidb_id": 12120, "score": null}, "event": "event_published", "level": "info", "timestamp": "2026-07-20T20:26:50.926839Z"}
{"event_name": "anime.identified", "data": {"anime_id": 17, "anidb_id": 35, "score": null}, "event": "event_published", "level": "info", "timestamp": "2026-07-20T20:26:51.232264Z"}
{"event_name": "anime.identified", "data": {"anime_id": 18, "anidb_id": 11085, "score": null}, "event": "event_published", "level": "info", "timestamp": "2026-07-20T20:26:51.684756Z"}
{"event_name": "anime.identified", "data": {"anime_id": 19, "anidb_id": 8590, "score": null}, "event": "event_published", "level": "info", "timestamp": "2026-07-20T20:26:52.022250Z"}
{"event_name": "anime.identified", "data": {"anime_id": 20, "anidb_id": 8796, "score": null}, "event": "event_published", "level": "info", "timestamp": "2026-07-20T20:26:52.255632Z"}
{"event_name": "anime.identified", "data": {"anime_id": 21, "anidb_id": 4735, "score": null}, "event": "event_published", "level": "info", "timestamp": "2026-07-20T20:26:52.766419Z"}
{"event_name": "anime.identified", "data": {"anime_id": 22, "anidb_id": 16500, "score": null}, "event": "event_published", "level": "info", "timestamp": "2026-07-20T20:26:53.191946Z"}
{"event_name": "anime.identified", "data": {"anime_id": 23, "anidb_id": 12386, "score": null}, "event": "event_published", "level": "info", "timestamp": "2026-07-20T20:26:53.496290Z"}
{"event_name": "anime.identified", "data": {"anime_id": 24, "anidb_id": 10534, "score": null}, "event": "event_published", "level": "info", "timestamp": "2026-07-20T20:26:53.821943Z"}
{"event_name": "anime.identified", "data": {"anime_id": 25, "anidb_id": 18647, "score": null}, "event": "event_published", "level": "info", "timestamp": "2026-07-20T20:26:53.949243Z"}
{"event_name": "anime.identified", "data": {"anime_id": 26, "anidb_id": 14752, "score": null}, "event": "event_published", "level": "info", "timestamp": "2026-07-20T20:26:54.860531Z"}
{"event_name": "anime.identified", "data": {"anime_id": 27, "anidb_id": 14629, "score": null}, "event": "event_published", "level": "info", "timestamp": "2026-07-20T20:26:56.930086Z"}
{"event_name": "anime.identified", "data": {"anime_id": 28, "anidb_id": 10160, "score": null}, "event": "event_published", "level": "info", "timestamp": "2026-07-20T20:26:57.550469Z"}
{"event_name": "anime.identified", "data": {"anime_id": 29, "anidb_id": 829, "score": null}, "event": "event_published", "level": "info", "timestamp": "2026-07-20T20:26:58.079209Z"}
{"event_name": "anime.identified", "data": {"anime_id": 30, "anidb_id": 18494, "score": null}, "event": "event_published", "level": "info", "timestamp": "2026-07-20T20:26:58.260031Z"}
{"event_name": "anime.identified", "data": {"anime_id": 31, "anidb_id": 17071, "score": null}, "event": "event_published", "level": "info", "timestamp": "2026-07-20T20:26:58.636122Z"}
{"event_name": "anime.identified", "data": {"anime_id": 32, "anidb_id": 11118, "score": null}, "event": "event_published", "level": "info", "timestamp": "2026-07-20T20:26:59.021538Z"}
{"event_name": "anime.identified", "data": {"anime_id": 33, "anidb_id": 5639, "score": null}, "event": "event_published", "level": "info", "timestamp": "2026-07-20T20:26:59.234231Z"}
{"event_name": "anime.identified", "data": {"anime_id": 34, "anidb_id": 8794, "score": null}, "event": "event_published", "level": "info", "timestamp": "2026-07-20T20:26:59.586427Z"}
{"event_name": "anime.identified", "data": {"anime_id": 35, "anidb_id": 17574, "score": null}, "event": "event_published", "level": "info", "timestamp": "2026-07-20T20:26:59.823995Z"}
{"event_name": "anime.identified", "data": {"anime_id": 36, "anidb_id": 18609, "score": null}, "event": "event_published", "level": "info", "timestamp": "2026-07-20T20:27:00.057552Z"}
{"event_name": "anime.identified", "data": {"anime_id": 37, "anidb_id": 18184, "score": null}, "event": "event_published", "level": "info", "timestamp": "2026-07-20T20:27:00.332731Z"}
{"event_name": "anime.identified", "data": {"anime_id": 38, "anidb_id": 6366, "score": null}, "event": "event_published", "level": "info", "timestamp": "2026-07-20T20:27:00.434347Z"}
{"event_name": "anime.identified", "data": {"anime_id": 39, "anidb_id": 17735, "score": null}, "event": "event_published", "level": "info", "timestamp": "2026-07-20T20:27:00.607974Z"}
{"event_name": "anime.identified", "data": {"anime_id": 40, "anidb_id": 4932, "score": null}, "event": "event_published", "level": "info", "timestamp": "2026-07-20T20:27:01.324447Z"}
{"event_name": "anime.identified", "data": {"anime_id": 41, "anidb_id": 7070, "score": null}, "event": "event_published", "level": "info", "timestamp": "2026-07-20T20:27:01.569261Z"}
{"event_name": "anime.identified", "data": {"anime_id": 42, "anidb_id": 14340, "score": null}, "event": "event_published", "level": "info", "timestamp": "2026-07-20T20:27:01.951862Z"}
{"event_name": "anime.identified", "data": {"anime_id": 43, "anidb_id": 15061, "score": null}, "event": "event_published", "level": "info", "timestamp": "2026-07-20T20:27:02.237024Z"}
{"event_name": "anime.identified", "data": {"anime_id": 44, "anidb_id": 7065, "score": null}, "event": "event_published", "level": "info", "timestamp": "2026-07-20T20:27:02.897870Z"}
{"event_name": "anime.identified", "data": {"anime_id": 46, "anidb_id": 17798, "score": null}, "event": "event_published", "level": "info", "timestamp": "2026-07-20T20:27:03.604254Z"}
{"event_name": "anime.identified", "data": {"anime_id": 47, "anidb_id": 15304, "score": null}, "event": "event_published", "level": "info", "timestamp": "2026-07-20T20:27:04.064827Z"}
{"event_name": "anime.identified", "data": {"anime_id": 48, "anidb_id": 4192, "score": null}, "event": "event_published", "level": "info", "timestamp": "2026-07-20T20:27:04.510719Z"}
{"event_name": "anime.identified", "data": {"anime_id": 49, "anidb_id": 9878, "score": null}, "event": "event_published", "level": "info", "timestamp": "2026-07-20T20:27:04.999173Z"}
{"event_name": "anime.identified", "data": {"anime_id": 50, "anidb_id": 9439, "score": null}, "event": "event_published", "level": "info", "timestamp": "2026-07-20T20:27:05.194783Z"}
{"event_name": "anime.identified", "data": {"anime_id": 51, "anidb_id": 15518, "score": null}, "event": "event_published", "level": "info", "timestamp": "2026-07-20T20:27:06.382789Z"}
{"event_name": "anime.identified", "data": {"anime_id": 52, "anidb_id": 18834, "score": null}, "event": "event_published", "level": "info", "timestamp": "2026-07-20T20:27:07.267892Z"}
{"event_name": "anime.identified", "data": {"anime_id": 53, "anidb_id": 13223, "score": null}, "event": "event_published", "level": "info", "timestamp": "2026-07-20T20:27:07.428080Z"}
{"event_name": "anime.identified", "data": {"anime_id": 54, "anidb_id": 19547, "score": null}, "event": "event_published", "level": "info", "timestamp": "2026-07-20T20:27:07.528996Z"}
{"event_name": "anime.identified", "data": {"anime_id": 55, "anidb_id": 19643, "score": null}, "event": "event_published", "level": "info", "timestamp": "2026-07-20T20:27:07.929144Z"}
{"event_name": "anime.identified", "data": {"anime_id": 56, "anidb_id": 8638, "score": null}, "event": "event_published", "level": "info", "timestamp": "2026-07-20T20:27:08.175255Z"}
{"event_name": "anime.identified", "data": {"anime_id": 57, "anidb_id": 534, "score": null}, "event": "event_published", "level": "info", "timestamp": "2026-07-20T20:27:08.904555Z"}
{"event_name": "anime.identified", "data": {"anime_id": 58, "anidb_id": 14974, "score": null}, "event": "event_published", "level": "info", "timestamp": "2026-07-20T20:27:09.216522Z"}
{"event_name": "anime.identified", "data": {"anime_id": 59, "anidb_id": 13170, "score": null}, "event": "event_published", "level": "info", "timestamp": "2026-07-20T20:27:09.788196Z"}
{"event_name": "anime.identified", "data": {"anime_id": 60, "anidb_id": 17472, "score": null}, "event": "event_published", "level": "info", "timestamp": "2026-07-20T20:27:09.921759Z"}
{"event_name": "anime.identified", "data": {"anime_id": 61, "anidb_id": 17259, "score": null}, "event": "event_published", "level": "info", "timestamp": "2026-07-20T20:27:10.381402Z"}
{"event_name": "anime.identified", "data": {"anime_id": 62, "anidb_id": 16120, "score": null}, "event": "event_published", "level": "info", "timestamp": "2026-07-20T20:27:11.094576Z"}
{"event_name": "anime.identified", "data": {"anime_id": 63, "anidb_id": 17880, "score": null}, "event": "event_published", "level": "info", "timestamp": "2026-07-20T20:27:11.292107Z"}
{"event_name": "anime.identified", "data": {"anime_id": 64, "anidb_id": 18911, "score": null}, "event": "event_published", "level": "info", "timestamp": "2026-07-20T20:27:11.698423Z"}
{"event_name": "anime.identified", "data": {"anime_id": 65, "anidb_id": 9933, "score": null}, "event": "event_published", "level": "info", "timestamp": "2026-07-20T20:27:11.994458Z"}
{"event_name": "anime.identified", "data": {"anime_id": 66, "anidb_id": 18085, "score": null}, "event": "event_published", "level": "info", "timestamp": "2026-07-20T20:27:12.118451Z"}
{"event_name": "anime.identified", "data": {"anime_id": 67, "anidb_id": 17325, "score": null}, "event": "event_published", "level": "info", "timestamp": "2026-07-20T20:27:12.213091Z"}
{"event_name": "anime.identified", "data": {"anime_id": 68, "anidb_id": 8825, "score": null}, "event": "event_published", "level": "info", "timestamp": "2026-07-20T20:27:12.572265Z"}
{"event_name": "anime.identified", "data": {"anime_id": 69, "anidb_id": 15406, "score": null}, "event": "event_published", "level": "info", "timestamp": "2026-07-20T20:27:12.816667Z"}
{"event_name": "anime.identified", "data": {"anime_id": 70, "anidb_id": 985, "score": null}, "event": "event_published", "level": "info", "timestamp": "2026-07-20T20:27:13.519551Z"}
{"event_name": "anime.identified", "data": {"anime_id": 71, "anidb_id": 12886, "score": null}, "event": "event_published", "level": "info", "timestamp": "2026-07-20T20:27:13.843124Z"}
{"event_name": "anime.identified", "data": {"anime_id": 72, "anidb_id": 3430, "score": null}, "event": "event_published", "level": "info", "timestamp": "2026-07-20T20:27:14.732567Z"}
{"event_name": "anime.identified", "data": {"anime_id": 73, "anidb_id": 14691, "score": null}, "event": "event_published", "level": "info", "timestamp": "2026-07-20T20:27:14.960642Z"}
{"event_name": "anime.identified", "data": {"anime_id": 74, "anidb_id": 9853, "score": null}, "event": "event_published", "level": "info", "timestamp": "2026-07-20T20:27:15.397923Z"}
{"event_name": "anime.identified", "data": {"anime_id": 75, "anidb_id": 18112, "score": null}, "event": "event_published", "level": "info", "timestamp": "2026-07-20T20:27:15.624403Z"}
{"event_name": "anime.identified", "data": {"anime_id": 76, "anidb_id": 19515, "score": null}, "event": "event_published", "level": "info", "timestamp": "2026-07-20T20:27:15.739087Z"}
{"event_name": "anime.identified", "data": {"anime_id": 77, "anidb_id": 14599, "score": null}, "event": "event_published", "level": "info", "timestamp": "2026-07-20T20:27:16.250364Z"}
{"event_name": "anime.identified", "data": {"anime_id": 78, "anidb_id": 11017, "score": null}, "event": "event_published", "level": "info", "timestamp": "2026-07-20T20:27:16.518717Z"}
{"event_name": "anime.identified", "data": {"anime_id": 79, "anidb_id": 16913, "score": null}, "event": "event_published", "level": "info", "timestamp": "2026-07-20T20:27:17.320549Z"}
{"event_name": "anime.identified", "data": {"anime_id": 80, "anidb_id": 14975, "score": null}, "event": "event_published", "level": "info", "timestamp": "2026-07-20T20:27:17.665986Z"}
{"event_name": "anime.identified", "data": {"anime_id": 81, "anidb_id": 19307, "score": null}, "event": "event_published", "level": "info", "timestamp": "2026-07-20T20:27:17.901649Z"}
{"event_name": "anime.identified", "data": {"anime_id": 82, "anidb_id": 5543, "score": null}, "event": "event_published", "level": "info", "timestamp": "2026-07-20T20:27:18.442758Z"}
{"event_name": "anime.identified", "data": {"anime_id": 84, "anidb_id": 11802, "score": null}, "event": "event_published", "level": "info", "timestamp": "2026-07-20T20:27:18.637976Z"}
{"event_name": "anime.identified", "data": {"anime_id": 85, "anidb_id": 2477, "score": null}, "event": "event_published", "level": "info", "timestamp": "2026-07-20T20:27:19.302837Z"}
{"event_name": "anime.identified", "data": {"anime_id": 86, "anidb_id": 18448, "score": null}, "event": "event_published", "level": "info", "timestamp": "2026-07-20T20:27:19.826782Z"}
{"event_name": "anime.identified", "data": {"anime_id": 87, "anidb_id": 8349, "score": null}, "event": "event_published", "level": "info", "timestamp": "2026-07-20T20:27:20.123592Z"}
{"event_name": "anime.identified", "data": {"anime_id": 88, "anidb_id": 14194, "score": null}, "event": "event_published", "level": "info", "timestamp": "2026-07-20T20:27:20.860153Z"}
{"event_name": "anime.identified", "data": {"anime_id": 89, "anidb_id": 9246, "score": null}, "event": "event_published", "level": "info", "timestamp": "2026-07-20T20:27:21.217019Z"}
{"event_name": "anime.identified", "data": {"anime_id": 90, "anidb_id": 15874, "score": null}, "event": "event_published", "level": "info", "timestamp": "2026-07-20T20:27:21.965990Z"}
{"event_name": "anime.identified", "data": {"anime_id": 91, "anidb_id": 10704, "score": null}, "event": "event_published", "level": "info", "timestamp": "2026-07-20T20:27:22.346175Z"}
{"event_name": "anime.identified", "data": {"anime_id": 92, "anidb_id": 18137, "score": null}, "event": "event_published", "level": "info", "timestamp": "2026-07-20T20:27:22.528228Z"}
{"event_name": "anime.identified", "data": {"anime_id": 93, "anidb_id": 15704, "score": null}, "event": "event_published", "level": "info", "timestamp": "2026-07-20T20:27:22.665154Z"}
{"event_name": "anime.identified", "data": {"anime_id": 94, "anidb_id": 17886, "score": null}, "event": "event_published", "level": "info", "timestamp": "2026-07-20T20:27:23.163249Z"}
{"event_name": "anime.identified", "data": {"anime_id": 95, "anidb_id": 18337, "score": null}, "event": "event_published", "level": "info", "timestamp": "2026-07-20T20:27:23.468871Z"}
{"event_name": "anime.identified", "data": {"anime_id": 96, "anidb_id": 16415, "score": null}, "event": "event_published", "level": "info", "timestamp": "2026-07-20T20:27:23.758353Z"}
{"event_name": "anime.identified", "data": {"anime_id": 97, "anidb_id": 11759, "score": null}, "event": "event_published", "level": "info", "timestamp": "2026-07-20T20:27:24.567414Z"}
{"event_name": "anime.identified", "data": {"anime_id": 98, "anidb_id": 11479, "score": null}, "event": "event_published", "level": "info", "timestamp": "2026-07-20T20:27:24.814181Z"}
{"event_name": "anime.identified", "data": {"anime_id": 99, "anidb_id": 18185, "score": null}, "event": "event_published", "level": "info", "timestamp": "2026-07-20T20:27:25.713601Z"}
{"event_name": "anime.identified", "data": {"anime_id": 100, "anidb_id": 16542, "score": null}, "event": "event_published", "level": "info", "timestamp": "2026-07-20T20:27:26.162653Z"}
{"event_name": "anime.identified", "data": {"anime_id": 101, "anidb_id": 13242, "score": null}, "event": "event_published", "level": "info", "timestamp": "2026-07-20T20:27:26.394837Z"}
{"event_name": "anime.identified", "data": {"anime_id": 102, "anidb_id": 10718, "score": null}, "event": "event_published", "level": "info", "timestamp": "2026-07-20T20:27:26.942421Z"}
{"event_name": "anime.identified", "data": {"anime_id": 103, "anidb_id": 19313, "score": null}, "event": "event_published", "level": "info", "timestamp": "2026-07-20T20:27:27.040596Z"}
{"event_name": "anime.identified", "data": {"anime_id": 104, "anidb_id": 10420, "score": null}, "event": "event_published", "level": "info", "timestamp": "2026-07-20T20:27:27.776999Z"}
{"event_name": "anime.identified", "data": {"anime_id": 105, "anidb_id": 18016, "score": null}, "event": "event_published", "level": "info", "timestamp": "2026-07-20T20:27:28.071009Z"}
{"event_name": "anime.identified", "data": {"anime_id": 106, "anidb_id": 17074, "score": null}, "event": "event_published", "level": "info", "timestamp": "2026-07-20T20:27:28.875878Z"}
{"event_name": "anime.identified", "data": {"anime_id": 107, "anidb_id": 18047, "score": null}, "event": "event_published", "level": "info", "timestamp": "2026-07-20T20:27:29.458966Z"}
{"event_name": "anime.identified", "data": {"anime_id": 108, "anidb_id": 2268, "score": null}, "event": "event_published", "level": "info", "timestamp": "2026-07-20T20:27:29.728579Z"}
{"event_name": "anime.identified", "data": {"anime_id": 109, "anidb_id": 13769, "score": null}, "event": "event_published", "level": "info", "timestamp": "2026-07-20T20:27:30.184375Z"}
{"event_name": "anime.identified", "data": {"anime_id": 110, "anidb_id": 12832, "score": null}, "event": "event_published", "level": "info", "timestamp": "2026-07-20T20:27:30.541143Z"}
{"event_name": "anime.identified", "data": {"anime_id": 111, "anidb_id": 16114, "score": null}, "event": "event_published", "level": "info", "timestamp": "2026-07-20T20:27:30.716469Z"}
{"event_name": "anime.identified", "data": {"anime_id": 112, "anidb_id": 7226, "score": null}, "event": "event_published", "level": "info", "timestamp": "2026-07-20T20:27:31.096965Z"}
{"event_name": "anime.identified", "data": {"anime_id": 113, "anidb_id": 10363, "score": null}, "event": "event_published", "level": "info", "timestamp": "2026-07-20T20:27:32.337635Z"}
{"event_name": "anime.identified", "data": {"anime_id": 114, "anidb_id": 1693, "score": null}, "event": "event_published", "level": "info", "timestamp": "2026-07-20T20:27:33.580114Z"}
{"event_name": "anime.identified", "data": {"anime_id": 115, "anidb_id": 18896, "score": null}, "event": "event_published", "level": "info", "timestamp": "2026-07-20T20:27:33.707470Z"}
{"event_name": "anime.identified", "data": {"anime_id": 116, "anidb_id": 14252, "score": null}, "event": "event_published", "level": "info", "timestamp": "2026-07-20T20:27:33.852819Z"}
{"event_name": "anime.identified", "data": {"anime_id": 117, "anidb_id": 16067, "score": null}, "event": "event_published", "level": "info", "timestamp": "2026-07-20T20:27:34.496311Z"}
{"event_name": "anime.identified", "data": {"anime_id": 118, "anidb_id": 9785, "score": null}, "event": "event_published", "level": "info", "timestamp": "2026-07-20T20:27:34.724857Z"}
{"event_name": "anime.identified", "data": {"anime_id": 119, "anidb_id": 12636, "score": null}, "event": "event_published", "level": "info", "timestamp": "2026-07-20T20:27:35.230512Z"}
{"event_name": "anime.identified", "data": {"anime_id": 120, "anidb_id": 5218, "score": null}, "event": "event_published", "level": "info", "timestamp": "2026-07-20T20:27:35.879261Z"}
{"event_name": "anime.identified", "data": {"anime_id": 121, "anidb_id": 15417, "score": null}, "event": "event_published", "level": "info", "timestamp": "2026-07-20T20:27:36.066258Z"}
{"event_name": "anime.identified", "data": {"anime_id": 122, "anidb_id": 13378, "score": null}, "event": "event_published", "level": "info", "timestamp": "2026-07-20T20:27:36.195775Z"}
{"event_name": "anime.identified", "data": {"anime_id": 123, "anidb_id": 18157, "score": null}, "event": "event_published", "level": "info", "timestamp": "2026-07-20T20:27:37.472777Z"}
{"event_name": "anime.identified", "data": {"anime_id": 124, "anidb_id": 12072, "score": null}, "event": "event_published", "level": "info", "timestamp": "2026-07-20T20:27:37.660041Z"}
{"event_name": "anime.identified", "data": {"anime_id": 125, "anidb_id": 18050, "score": null}, "event": "event_published", "level": "info", "timestamp": "2026-07-20T20:27:38.343415Z"}
{"event_name": "anime.identified", "data": {"anime_id": 126, "anidb_id": 14131, "score": null}, "event": "event_published", "level": "info", "timestamp": "2026-07-20T20:27:38.473902Z"}
{"event_name": "anime.identified", "data": {"anime_id": 127, "anidb_id": 19489, "score": null}, "event": "event_published", "level": "info", "timestamp": "2026-07-20T20:27:38.679258Z"}
{"event_name": "anime.identified", "data": {"anime_id": 128, "anidb_id": 682, "score": null}, "event": "event_published", "level": "info", "timestamp": "2026-07-20T20:27:39.278555Z"}
{"event_name": "anime.identified", "data": {"anime_id": 129, "anidb_id": 7139, "score": null}, "event": "event_published", "level": "info", "timestamp": "2026-07-20T20:27:39.472810Z"}
{"event_name": "anime.identified", "data": {"anime_id": 130, "anidb_id": 10900, "score": null}, "event": "event_published", "level": "info", "timestamp": "2026-07-20T20:27:39.639246Z"}
{"event_name": "anime.identified", "data": {"anime_id": 131, "anidb_id": 9877, "score": null}, "event": "event_published", "level": "info", "timestamp": "2026-07-20T20:27:40.591665Z"}
{"event_name": "anime.identified", "data": {"anime_id": 132, "anidb_id": 16021, "score": null}, "event": "event_published", "level": "info", "timestamp": "2026-07-20T20:27:40.991130Z"}
{"event_name": "anime.identified", "data": {"anime_id": 133, "anidb_id": 1230, "score": null}, "event": "event_published", "level": "info", "timestamp": "2026-07-20T20:27:41.581385Z"}
{"event_name": "anime.identified", "data": {"anime_id": 134, "anidb_id": 17432, "score": null}, "event": "event_published", "level": "info", "timestamp": "2026-07-20T20:27:42.047932Z"}
{"event_name": "anime.identified", "data": {"anime_id": 135, "anidb_id": 6456, "score": null}, "event": "event_published", "level": "info", "timestamp": "2026-07-20T20:27:43.139188Z"}
{"event_name": "anime.identified", "data": {"anime_id": 137, "anidb_id": 2444, "score": null}, "event": "event_published", "level": "info", "timestamp": "2026-07-20T20:27:43.319469Z"}
{"event_name": "anime.identified", "data": {"anime_id": 138, "anidb_id": 1359, "score": null}, "event": "event_published", "level": "info", "timestamp": "2026-07-20T20:27:43.871662Z"}
{"event_name": "anime.identified", "data": {"anime_id": 139, "anidb_id": 1712, "score": null}, "event": "event_published", "level": "info", "timestamp": "2026-07-20T20:27:44.381965Z"}
{"event_name": "anime.identified", "data": {"anime_id": 140, "anidb_id": 17291, "score": null}, "event": "event_published", "level": "info", "timestamp": "2026-07-20T20:27:44.668481Z"}
{"event_name": "anime.identified", "data": {"anime_id": 141, "anidb_id": 19312, "score": null}, "event": "event_published", "level": "info", "timestamp": "2026-07-20T20:27:44.924992Z"}
{"event_name": "anime.identified", "data": {"anime_id": 142, "anidb_id": 15377, "score": null}, "event": "event_published", "level": "info", "timestamp": "2026-07-20T20:27:45.292599Z"}
{"event_name": "anime.identified", "data": {"anime_id": 143, "anidb_id": 15606, "score": null}, "event": "event_published", "level": "info", "timestamp": "2026-07-20T20:27:45.456244Z"}
{"event_name": "anime.identified", "data": {"anime_id": 144, "anidb_id": 16087, "score": null}, "event": "event_published", "level": "info", "timestamp": "2026-07-20T20:27:46.181447Z"}
{"event_name": "anime.identified", "data": {"anime_id": 145, "anidb_id": 19413, "score": null}, "event": "event_published", "level": "info", "timestamp": "2026-07-20T20:27:46.262802Z"}
{"event_name": "anime.identified", "data": {"anime_id": 146, "anidb_id": 9549, "score": null}, "event": "event_published", "level": "info", "timestamp": "2026-07-20T20:27:46.944487Z"}
{"event_name": "anime.identified", "data": {"anime_id": 147, "anidb_id": 15611, "score": null}, "event": "event_published", "level": "info", "timestamp": "2026-07-20T20:27:47.107362Z"}
{"event_name": "anime.identified", "data": {"anime_id": 148, "anidb_id": 7395, "score": null}, "event": "event_published", "level": "info", "timestamp": "2026-07-20T20:27:47.936138Z"}
{"event_name": "anime.identified", "data": {"anime_id": 149, "anidb_id": 15454, "score": null}, "event": "event_published", "level": "info", "timestamp": "2026-07-20T20:27:48.336000Z"}
{"event_name": "anime.identified", "data": {"anime_id": 150, "anidb_id": 15387, "score": null}, "event": "event_published", "level": "info", "timestamp": "2026-07-20T20:27:48.503496Z"}
{"event_name": "anime.identified", "data": {"anime_id": 151, "anidb_id": 8263, "score": null}, "event": "event_published", "level": "info", "timestamp": "2026-07-20T20:27:49.226071Z"}
{"event_name": "anime.identified", "data": {"anime_id": 152, "anidb_id": 16317, "score": null}, "event": "event_published", "level": "info", "timestamp": "2026-07-20T20:27:49.372689Z"}
{"event_name": "anime.identified", "data": {"anime_id": 153, "anidb_id": 16561, "score": null}, "event": "event_published", "level": "info", "timestamp": "2026-07-20T20:27:49.517443Z"}
{"event_name": "anime.identified", "data": {"anime_id": 154, "anidb_id": 15782, "score": null}, "event": "event_published", "level": "info", "timestamp": "2026-07-20T20:27:50.246948Z"}
{"event_name": "anime.identified", "data": {"anime_id": 155, "anidb_id": 15855, "score": null}, "event": "event_published", "level": "info", "timestamp": "2026-07-20T20:27:52.718643Z"}
{"event_name": "anime.identified", "data": {"anime_id": 156, "anidb_id": 8725, "score": null}, "event": "event_published", "level": "info", "timestamp": "2026-07-20T20:27:53.273937Z"}
{"event_name": "anime.identified", "data": {"anime_id": 157, "anidb_id": 15792, "score": null}, "event": "event_published", "level": "info", "timestamp": "2026-07-20T20:27:53.438907Z"}
{"event_name": "anime.identified", "data": {"anime_id": 158, "anidb_id": 18178, "score": null}, "event": "event_published", "level": "info", "timestamp": "2026-07-20T20:27:54.234235Z"}
{"event_name": "anime.identified", "data": {"anime_id": 160, "anidb_id": 18063, "score": null}, "event": "event_published", "level": "info", "timestamp": "2026-07-20T20:27:54.318244Z"}
{"event_name": "anime.identified", "data": {"anime_id": 161, "anidb_id": 14808, "score": null}, "event": "event_published", "level": "info", "timestamp": "2026-07-20T20:27:54.575533Z"}
{"event_name": "anime.identified", "data": {"anime_id": 162, "anidb_id": 17983, "score": null}, "event": "event_published", "level": "info", "timestamp": "2026-07-20T20:27:55.119819Z"}
{"event_name": "anime.identified", "data": {"anime_id": 163, "anidb_id": 14592, "score": null}, "event": "event_published", "level": "info", "timestamp": "2026-07-20T20:27:55.525747Z"}
{"event_name": "anime.identified", "data": {"anime_id": 164, "anidb_id": 8175, "score": null}, "event": "event_published", "level": "info", "timestamp": "2026-07-20T20:27:55.935614Z"}
{"event_name": "anime.identified", "data": {"anime_id": 165, "anidb_id": 15662, "score": null}, "event": "event_published", "level": "info", "timestamp": "2026-07-20T20:27:56.633338Z"}
{"event_name": "anime.identified", "data": {"anime_id": 166, "anidb_id": 15705, "score": null}, "event": "event_published", "level": "info", "timestamp": "2026-07-20T20:27:56.801250Z"}
{"event_name": "anime.identified", "data": {"anime_id": 167, "anidb_id": 13652, "score": null}, "event": "event_published", "level": "info", "timestamp": "2026-07-20T20:27:56.948324Z"}
{"event_name": "anime.identified", "data": {"anime_id": 168, "anidb_id": 18293, "score": null}, "event": "event_published", "level": "info", "timestamp": "2026-07-20T20:27:57.185987Z"}
{"event_name": "anime.identified", "data": {"anime_id": 169, "anidb_id": 13356, "score": null}, "event": "event_published", "level": "info", "timestamp": "2026-07-20T20:27:57.344850Z"}
{"event_name": "anime.identified", "data": {"anime_id": 170, "anidb_id": 15920, "score": null}, "event": "event_published", "level": "info", "timestamp": "2026-07-20T20:27:57.735213Z"}
{"event_name": "anime.identified", "data": {"anime_id": 171, "anidb_id": 19499, "score": null}, "event": "event_published", "level": "info", "timestamp": "2026-07-20T20:27:58.158068Z"}
{"event_name": "anime.identified", "data": {"anime_id": 172, "anidb_id": 12396, "score": null}, "event": "event_published", "level": "info", "timestamp": "2026-07-20T20:27:58.279688Z"}
{"event_name": "anime.identified", "data": {"anime_id": 173, "anidb_id": 16555, "score": null}, "event": "event_published", "level": "info", "timestamp": "2026-07-20T20:27:58.488120Z"}
{"event_name": "anime.identified", "data": {"anime_id": 174, "anidb_id": 8029, "score": null}, "event": "event_published", "level": "info", "timestamp": "2026-07-20T20:27:59.039119Z"}
{"event_name": "anime.identified", "data": {"anime_id": 175, "anidb_id": 10296, "score": null}, "event": "event_published", "level": "info", "timestamp": "2026-07-20T20:27:59.280951Z"}
{"event_name": "anime.identified", "data": {"anime_id": 176, "anidb_id": 18717, "score": null}, "event": "event_published", "level": "info", "timestamp": "2026-07-20T20:27:59.429224Z"}
{"event_name": "anime.identified", "data": {"anime_id": 177, "anidb_id": 12933, "score": null}, "event": "event_published", "level": "info", "timestamp": "2026-07-20T20:27:59.572784Z"}
{"event_name": "anime.identified", "data": {"anime_id": 178, "anidb_id": 18447, "score": null}, "event": "event_published", "level": "info", "timestamp": "2026-07-20T20:28:00.368975Z"}
{"event_name": "anime.identified", "data": {"anime_id": 179, "anidb_id": 11912, "score": null}, "event": "event_published", "level": "info", "timestamp": "2026-07-20T20:28:00.752535Z"}
{"event_name": "anime.identified", "data": {"anime_id": 181, "anidb_id": 4617, "score": null}, "event": "event_published", "level": "info", "timestamp": "2026-07-20T20:28:01.513500Z"}
{"event_name": "anime.identified", "data": {"anime_id": 182, "anidb_id": 1281, "score": null}, "event": "event_published", "level": "info", "timestamp": "2026-07-20T20:28:02.150743Z"}
{"event_name": "anime.identified", "data": {"anime_id": 183, "anidb_id": 8409, "score": null}, "event": "event_published", "level": "info", "timestamp": "2026-07-20T20:28:02.698221Z"}
{"event_name": "anime.identified", "data": {"anime_id": 184, "anidb_id": 16829, "score": null}, "event": "event_published", "level": "info", "timestamp": "2026-07-20T20:28:02.886969Z"}
{"event_name": "anime.identified", "data": {"anime_id": 185, "anidb_id": 14923, "score": null}, "event": "event_published", "level": "info", "timestamp": "2026-07-20T20:28:04.055853Z"}
{"event_name": "anime.identified", "data": {"anime_id": 96, "anidb_id": 16415, "score": null}, "event": "event_published", "level": "info", "timestamp": "2026-07-20T20:28:04.100873Z"}
{"event_name": "anime.identified", "data": {"anime_id": 186, "anidb_id": 16065, "score": null}, "event": "event_published", "level": "info", "timestamp": "2026-07-20T20:28:05.013846Z"}
{"event_name": "anime.identified", "data": {"anime_id": 187, "anidb_id": 658, "score": null}, "event": "event_published", "level": "info", "timestamp": "2026-07-20T20:28:05.199383Z"}
{"event_name": "anime.identified", "data": {"anime_id": 188, "anidb_id": 9430, "score": null}, "event": "event_published", "level": "info", "timestamp": "2026-07-20T20:28:05.339097Z"}
{"event_name": "anime.identified", "data": {"anime_id": 189, "anidb_id": 18222, "score": null}, "event": "event_published", "level": "info", "timestamp": "2026-07-20T20:28:05.518477Z"}
{"event_name": "anime.identified", "data": {"anime_id": 190, "anidb_id": 18230, "score": null}, "event": "event_published", "level": "info", "timestamp": "2026-07-20T20:28:05.643380Z"}
{"event_name": "anime.identified", "data": {"anime_id": 191, "anidb_id": 18303, "score": null}, "event": "event_published", "level": "info", "timestamp": "2026-07-20T20:28:06.081303Z"}
{"event_name": "anime.identified", "data": {"anime_id": 192, "anidb_id": 10807, "score": null}, "event": "event_published", "level": "info", "timestamp": "2026-07-20T20:28:06.495506Z"}
{"event_name": "anime.identified", "data": {"anime_id": 193, "anidb_id": 17344, "score": null}, "event": "event_published", "level": "info", "timestamp": "2026-07-20T20:28:06.712621Z"}
{"event_name": "anime.identified", "data": {"anime_id": 194, "anidb_id": 14698, "score": null}, "event": "event_published", "level": "info", "timestamp": "2026-07-20T20:28:07.138047Z"}
{"event_name": "anime.identified", "data": {"anime_id": 195, "anidb_id": 19330, "score": null}, "event": "event_published", "level": "info", "timestamp": "2026-07-20T20:28:07.303962Z"}
{"event_name": "anime.identified", "data": {"anime_id": 197, "anidb_id": 19108, "score": null}, "event": "event_published", "level": "info", "timestamp": "2026-07-20T20:28:07.464674Z"}
{"event_name": "anime.identified", "data": {"anime_id": 198, "anidb_id": 13556, "score": null}, "event": "event_published", "level": "info", "timestamp": "2026-07-20T20:28:07.705951Z"}
{"event_name": "anime.identified", "data": {"anime_id": 199, "anidb_id": 18419, "score": null}, "event": "event_published", "level": "info", "timestamp": "2026-07-20T20:28:07.940977Z"}
{"event_name": "anime.identified", "data": {"anime_id": 200, "anidb_id": 13164, "score": null}, "event": "event_published", "level": "info", "timestamp": "2026-07-20T20:28:08.681939Z"}
{"event_name": "anime.identified", "data": {"anime_id": 201, "anidb_id": 14378, "score": null}, "event": "event_published", "level": "info", "timestamp": "2026-07-20T20:28:09.617817Z"}
{"event_name": "anime.identified", "data": {"anime_id": 202, "anidb_id": 19612, "score": null}, "event": "event_published", "level": "info", "timestamp": "2026-07-20T20:28:09.833814Z"}
{"event_name": "anime.identified", "data": {"anime_id": 203, "anidb_id": 17318, "score": null}, "event": "event_published", "level": "info", "timestamp": "2026-07-20T20:28:10.149784Z"}
{"event_name": "anime.identified", "data": {"anime_id": 204, "anidb_id": 14703, "score": null}, "event": "event_published", "level": "info", "timestamp": "2026-07-20T20:28:10.754762Z"}
{"event_name": "anime.identified", "data": {"anime_id": 205, "anidb_id": 18173, "score": null}, "event": "event_published", "level": "info", "timestamp": "2026-07-20T20:28:10.992414Z"}
{"event_name": "anime.identified", "data": {"anime_id": 206, "anidb_id": 15463, "score": null}, "event": "event_published", "level": "info", "timestamp": "2026-07-20T20:28:11.193694Z"}
{"event_name": "anime.identified", "data": {"anime_id": 207, "anidb_id": 13849, "score": null}, "event": "event_published", "level": "info", "timestamp": "2026-07-20T20:28:12.187565Z"}
{"event_name": "anime.identified", "data": {"anime_id": 208, "anidb_id": 12698, "score": null}, "event": "event_published", "level": "info", "timestamp": "2026-07-20T20:28:12.537575Z"}
{"event_name": "anime.identified", "data": {"anime_id": 209, "anidb_id": 10158, "score": null}, "event": "event_published", "level": "info", "timestamp": "2026-07-20T20:28:12.968018Z"}
{"event_name": "anime.identified", "data": {"anime_id": 210, "anidb_id": 15510, "score": null}, "event": "event_published", "level": "info", "timestamp": "2026-07-20T20:28:13.444966Z"}
{"event_name": "anime.identified", "data": {"anime_id": 211, "anidb_id": 18109, "score": null}, "event": "event_published", "level": "info", "timestamp": "2026-07-20T20:28:14.486109Z"}
{"event_name": "anime.identified", "data": {"anime_id": 212, "anidb_id": 16198, "score": null}, "event": "event_published", "level": "info", "timestamp": "2026-07-20T20:28:14.752862Z"}
{"event_name": "anime.identified", "data": {"anime_id": 213, "anidb_id": 6558, "score": null}, "event": "event_published", "level": "info", "timestamp": "2026-07-20T20:28:15.214833Z"}
{"event_name": "anime.identified", "data": {"anime_id": 214, "anidb_id": 7732, "score": null}, "event": "event_published", "level": "info", "timestamp": "2026-07-20T20:28:15.582866Z"}
{"event_name": "anime.identified", "data": {"anime_id": 215, "anidb_id": 16020, "score": null}, "event": "event_published", "level": "info", "timestamp": "2026-07-20T20:28:15.777194Z"}
{"event_name": "anime.identified", "data": {"anime_id": 216, "anidb_id": 16360, "score": null}, "event": "event_published", "level": "info", "timestamp": "2026-07-20T20:28:16.075389Z"}
{"event_name": "anime.identified", "data": {"anime_id": 217, "anidb_id": 15388, "score": null}, "event": "event_published", "level": "info", "timestamp": "2026-07-20T20:28:17.091184Z"}
{"event_name": "anime.identified", "data": {"anime_id": 218, "anidb_id": 17546, "score": null}, "event": "event_published", "level": "info", "timestamp": "2026-07-20T20:28:18.000877Z"}
{"event_name": "anime.identified", "data": {"anime_id": 219, "anidb_id": 8795, "score": null}, "event": "event_published", "level": "info", "timestamp": "2026-07-20T20:28:18.317325Z"}
{"event_name": "anime.identified", "data": {"anime_id": 220, "anidb_id": 16409, "score": null}, "event": "event_published", "level": "info", "timestamp": "2026-07-20T20:28:18.452324Z"}
{"event_name": "anime.identified", "data": {"anime_id": 221, "anidb_id": 4644, "score": null}, "event": "event_published", "level": "info", "timestamp": "2026-07-20T20:28:19.532535Z"}
{"event_name": "anime.identified", "data": {"anime_id": 222, "anidb_id": 18680, "score": null}, "event": "event_published", "level": "info", "timestamp": "2026-07-20T20:28:19.831776Z"}
{"event_name": "anime.identified", "data": {"anime_id": 223, "anidb_id": 12071, "score": null}, "event": "event_published", "level": "info", "timestamp": "2026-07-20T20:28:20.426603Z"}
{"event_name": "anime.identified", "data": {"anime_id": 224, "anidb_id": 11967, "score": null}, "event": "event_published", "level": "info", "timestamp": "2026-07-20T20:28:20.638533Z"}
{"event_name": "anime.identified", "data": {"anime_id": 225, "anidb_id": 17587, "score": null}, "event": "event_published", "level": "info", "timestamp": "2026-07-20T20:28:21.479479Z"}
{"event_name": "anime.identified", "data": {"anime_id": 226, "anidb_id": 18138, "score": null}, "event": "event_published", "level": "info", "timestamp": "2026-07-20T20:28:22.105842Z"}
{"event_name": "anime.identified", "data": {"anime_id": 227, "anidb_id": 16328, "score": null}, "event": "event_published", "level": "info", "timestamp": "2026-07-20T20:28:23.005355Z"}
{"event_name": "anime.identified", "data": {"anime_id": 228, "anidb_id": 16907, "score": null}, "event": "event_published", "level": "info", "timestamp": "2026-07-20T20:28:23.168262Z"}
{"event_name": "anime.identified", "data": {"anime_id": 229, "anidb_id": 17973, "score": null}, "event": "event_published", "level": "info", "timestamp": "2026-07-20T20:28:23.322152Z"}
{"event_name": "anime.identified", "data": {"anime_id": 230, "anidb_id": 19422, "score": null}, "event": "event_published", "level": "info", "timestamp": "2026-07-20T20:28:23.393656Z"}
{"event_name": "anime.identified", "data": {"anime_id": 231, "anidb_id": 17205, "score": null}, "event": "event_published", "level": "info", "timestamp": "2026-07-20T20:28:23.686530Z"}
{"event_name": "anime.identified", "data": {"anime_id": 232, "anidb_id": 4256, "score": null}, "event": "event_published", "level": "info", "timestamp": "2026-07-20T20:28:23.832852Z"}
{"event_name": "anime.identified", "data": {"anime_id": 233, "anidb_id": 8473, "score": null}, "event": "event_published", "level": "info", "timestamp": "2026-07-20T20:28:24.218853Z"}
{"event_name": "anime.identified", "data": {"anime_id": 234, "anidb_id": 19351, "score": null}, "event": "event_published", "level": "info", "timestamp": "2026-07-20T20:28:24.306048Z"}
{"event_name": "anime.identified", "data": {"anime_id": 235, "anidb_id": 19140, "score": null}, "event": "event_published", "level": "info", "timestamp": "2026-07-20T20:28:24.394058Z"}
{"event_name": "anime.identified", "data": {"anime_id": 236, "anidb_id": 19329, "score": null}, "event": "event_published", "level": "info", "timestamp": "2026-07-20T20:28:24.618934Z"}
{"event_name": "anime.identified", "data": {"anime_id": 237, "anidb_id": 18860, "score": null}, "event": "event_published", "level": "info", "timestamp": "2026-07-20T20:28:25.132715Z"}
{"event_name": "anime.identified", "data": {"anime_id": 238, "anidb_id": 15140, "score": null}, "event": "event_published", "level": "info", "timestamp": "2026-07-20T20:28:25.405888Z"}
{"event_name": "anime.identified", "data": {"anime_id": 239, "anidb_id": 8970, "score": null}, "event": "event_published", "level": "info", "timestamp": "2026-07-20T20:28:25.675438Z"}
{"event_name": "anime.identified", "data": {"anime_id": 240, "anidb_id": 19014, "score": null}, "event": "event_published", "level": "info", "timestamp": "2026-07-20T20:28:26.064906Z"}
{"event_name": "anime.identified", "data": {"anime_id": 241, "anidb_id": 9190, "score": null}, "event": "event_published", "level": "info", "timestamp": "2026-07-20T20:28:26.699973Z"}
{"event_name": "anime.identified", "data": {"anime_id": 243, "anidb_id": 14515, "score": null}, "event": "event_published", "level": "info", "timestamp": "2026-07-20T20:28:26.931424Z"}
{"event_name": "anime.identified", "data": {"anime_id": 244, "anidb_id": 15384, "score": null}, "event": "event_published", "level": "info", "timestamp": "2026-07-20T20:28:27.474979Z"}
{"event_name": "anime.identified", "data": {"anime_id": 245, "anidb_id": 19134, "score": null}, "event": "event_published", "level": "info", "timestamp": "2026-07-20T20:28:27.553258Z"}
{"event_name": "anime.identified", "data": {"anime_id": 246, "anidb_id": 15093, "score": null}, "event": "event_published", "level": "info", "timestamp": "2026-07-20T20:28:27.976658Z"}
{"event_name": "anime.identified", "data": {"anime_id": 247, "anidb_id": 9385, "score": null}, "event": "event_published", "level": "info", "timestamp": "2026-07-20T20:28:28.138663Z"}
{"event_name": "anime.identified", "data": {"anime_id": 248, "anidb_id": 5602, "score": null}, "event": "event_published", "level": "info", "timestamp": "2026-07-20T20:28:28.301255Z"}
{"event_name": "anime.identified", "data": {"anime_id": 249, "anidb_id": 18286, "score": null}, "event": "event_published", "level": "info", "timestamp": "2026-07-20T20:28:28.885193Z"}
{"event_name": "anime.identified", "data": {"anime_id": 250, "anidb_id": 13420, "score": null}, "event": "event_published", "level": "info", "timestamp": "2026-07-20T20:28:29.812320Z"}
{"event_name": "anime.identified", "data": {"anime_id": 251, "anidb_id": 14989, "score": null}, "event": "event_published", "level": "info", "timestamp": "2026-07-20T20:28:30.464851Z"}
{"event_name": "anime.identified", "data": {"anime_id": 252, "anidb_id": 11474, "score": null}, "event": "event_published", "level": "info", "timestamp": "2026-07-20T20:28:32.178951Z"}
{"event_name": "anime.identified", "data": {"anime_id": 253, "anidb_id": 17865, "score": null}, "event": "event_published", "level": "info", "timestamp": "2026-07-20T20:28:32.517311Z"}
{"event_name": "anime.identified", "data": {"anime_id": 254, "anidb_id": 13148, "score": null}, "event": "event_published", "level": "info", "timestamp": "2026-07-20T20:28:32.639144Z"}
{"event_name": "anime.identified", "data": {"anime_id": 255, "anidb_id": 11351, "score": null}, "event": "event_published", "level": "info", "timestamp": "2026-07-20T20:28:32.846801Z"}
{"event_name": "anime.identified", "data": {"anime_id": 256, "anidb_id": 13630, "score": null}, "event": "event_published", "level": "info", "timestamp": "2026-07-20T20:28:32.996412Z"}
{"event_name": "anime.identified", "data": {"anime_id": 257, "anidb_id": 12742, "score": null}, "event": "event_published", "level": "info", "timestamp": "2026-07-20T20:28:33.163858Z"}
{"event_name": "anime.identified", "data": {"anime_id": 258, "anidb_id": 12513, "score": null}, "event": "event_published", "level": "info", "timestamp": "2026-07-20T20:28:33.374849Z"}
{"event_name": "anime.identified", "data": {"anime_id": 259, "anidb_id": 16400, "score": null}, "event": "event_published", "level": "info", "timestamp": "2026-07-20T20:28:33.988601Z"}
{"event_name": "anime.identified", "data": {"anime_id": 261, "anidb_id": 8508, "score": null}, "event": "event_published", "level": "info", "timestamp": "2026-07-20T20:28:35.258721Z"}
{"event_name": "anime.identified", "data": {"anime_id": 262, "anidb_id": 9533, "score": null}, "event": "event_published", "level": "info", "timestamp": "2026-07-20T20:28:35.477931Z"}
{"event_name": "anime.identified", "data": {"anime_id": 263, "anidb_id": 14905, "score": null}, "event": "event_published", "level": "info", "timestamp": "2026-07-20T20:28:35.638205Z"}
{"event_name": "anime.identified", "data": {"anime_id": 264, "anidb_id": 18843, "score": null}, "event": "event_published", "level": "info", "timestamp": "2026-07-20T20:28:35.757653Z"}
{"event_name": "anime.identified", "data": {"anime_id": 265, "anidb_id": 15630, "score": null}, "event": "event_published", "level": "info", "timestamp": "2026-07-20T20:28:36.250254Z"}
{"event_name": "anime.identified", "data": {"anime_id": 266, "anidb_id": 11476, "score": null}, "event": "event_published", "level": "info", "timestamp": "2026-07-20T20:28:36.802320Z"}
{"event_name": "anime.identified", "data": {"anime_id": 267, "anidb_id": 8561, "score": null}, "event": "event_published", "level": "info", "timestamp": "2026-07-20T20:28:37.089472Z"}
{"event_name": "anime.identified", "data": {"anime_id": 268, "anidb_id": 12726, "score": null}, "event": "event_published", "level": "info", "timestamp": "2026-07-20T20:28:37.749843Z"}
{"event_name": "anime.identified", "data": {"anime_id": 269, "anidb_id": 17316, "score": null}, "event": "event_published", "level": "info", "timestamp": "2026-07-20T20:28:37.908757Z"}
{"event_name": "anime.identified", "data": {"anime_id": 270, "anidb_id": 18009, "score": null}, "event": "event_published", "level": "info", "timestamp": "2026-07-20T20:28:38.323279Z"}
{"event_name": "anime.identified", "data": {"anime_id": 271, "anidb_id": 17345, "score": null}, "event": "event_published", "level": "info", "timestamp": "2026-07-20T20:28:38.620864Z"}
{"event_name": "anime.identified", "data": {"anime_id": 272, "anidb_id": 17013, "score": null}, "event": "event_published", "level": "info", "timestamp": "2026-07-20T20:28:40.579149Z"}
{"event_name": "anime.identified", "data": {"anime_id": 273, "anidb_id": 19007, "score": null}, "event": "event_published", "level": "info", "timestamp": "2026-07-20T20:28:40.922712Z"}
{"event_name": "anime.identified", "data": {"anime_id": 274, "anidb_id": 7459, "score": null}, "event": "event_published", "level": "info", "timestamp": "2026-07-20T20:28:41.109652Z"}
{"event_name": "anime.identified", "data": {"anime_id": 275, "anidb_id": 18508, "score": null}, "event": "event_published", "level": "info", "timestamp": "2026-07-20T20:28:41.382605Z"}
{"event_name": "anime.identified", "data": {"anime_id": 276, "anidb_id": 11892, "score": null}, "event": "event_published", "level": "info", "timestamp": "2026-07-20T20:28:41.532733Z"}
{"event_name": "anime.identified", "data": {"anime_id": 277, "anidb_id": 18353, "score": null}, "event": "event_published", "level": "info", "timestamp": "2026-07-20T20:28:41.627904Z"}
{"event_name": "anime.identified", "data": {"anime_id": 278, "anidb_id": 18099, "score": null}, "event": "event_published", "level": "info", "timestamp": "2026-07-20T20:28:42.182967Z"}
{"event_name": "anime.identified", "data": {"anime_id": 279, "anidb_id": 12934, "score": null}, "event": "event_published", "level": "info", "timestamp": "2026-07-20T20:28:42.749491Z"}
{"event_name": "anime.identified", "data": {"anime_id": 280, "anidb_id": 16914, "score": null}, "event": "event_published", "level": "info", "timestamp": "2026-07-20T20:28:43.253997Z"}
{"event_name": "anime.identified", "data": {"anime_id": 281, "anidb_id": 5633, "score": null}, "event": "event_published", "level": "info", "timestamp": "2026-07-20T20:28:43.859137Z"}
{"event_name": "anime.identified", "data": {"anime_id": 282, "anidb_id": 13550, "score": null}, "event": "event_published", "level": "info", "timestamp": "2026-07-20T20:28:44.124808Z"}
{"event_name": "anime.identified", "data": {"anime_id": 283, "anidb_id": 19081, "score": null}, "event": "event_published", "level": "info", "timestamp": "2026-07-20T20:28:44.265400Z"}
{"event_name": "anime.identified", "data": {"anime_id": 284, "anidb_id": 18608, "score": null}, "event": "event_published", "level": "info", "timestamp": "2026-07-20T20:28:44.412444Z"}
{"event_name": "anime.identified", "data": {"anime_id": 285, "anidb_id": 11954, "score": null}, "event": "event_published", "level": "info", "timestamp": "2026-07-20T20:28:44.584488Z"}
{"event_name": "anime.identified", "data": {"anime_id": 286, "anidb_id": 15249, "score": null}, "event": "event_published", "level": "info", "timestamp": "2026-07-20T20:28:45.488465Z"}
{"event_name": "anime.identified", "data": {"anime_id": 287, "anidb_id": 19037, "score": null}, "event": "event_published", "level": "info", "timestamp": "2026-07-20T20:28:45.641028Z"}
{"event_name": "anime.identified", "data": {"anime_id": 288, "anidb_id": 15337, "score": null}, "event": "event_published", "level": "info", "timestamp": "2026-07-20T20:28:46.058891Z"}
{"event_name": "anime.identified", "data": {"anime_id": 289, "anidb_id": 19362, "score": null}, "event": "event_published", "level": "info", "timestamp": "2026-07-20T20:28:46.222201Z"}
{"event_name": "anime.identified", "data": {"anime_id": 290, "anidb_id": 17697, "score": null}, "event": "event_published", "level": "info", "timestamp": "2026-07-20T20:28:46.359902Z"}
{"event_name": "anime.identified", "data": {"anime_id": 291, "anidb_id": 13388, "score": null}, "event": "event_published", "level": "info", "timestamp": "2026-07-20T20:28:46.537781Z"}
{"event_name": "anime.identified", "data": {"anime_id": 292, "anidb_id": 18174, "score": null}, "event": "event_published", "level": "info", "timestamp": "2026-07-20T20:28:47.226635Z"}
{"event_name": "anime.identified", "data": {"anime_id": 293, "anidb_id": 17746, "score": null}, "event": "event_published", "level": "info", "timestamp": "2026-07-20T20:28:49.534988Z"}
{"event_name": "anime.identified", "data": {"anime_id": 294, "anidb_id": 17561, "score": null}, "event": "event_published", "level": "info", "timestamp": "2026-07-20T20:28:49.750339Z"}
{"event_name": "anime.identified", "data": {"anime_id": 295, "anidb_id": 12354, "score": null}, "event": "event_published", "level": "info", "timestamp": "2026-07-20T20:28:50.060958Z"}
{"event_name": "anime.identified", "data": {"anime_id": 296, "anidb_id": 15412, "score": null}, "event": "event_published", "level": "info", "timestamp": "2026-07-20T20:28:50.294108Z"}
{"event_name": "anime.identified", "data": {"anime_id": 297, "anidb_id": 11034, "score": null}, "event": "event_published", "level": "info", "timestamp": "2026-07-20T20:28:51.486598Z"}
{"event_name": "anime.identified", "data": {"anime_id": 298, "anidb_id": 17462, "score": null}, "event": "event_published", "level": "info", "timestamp": "2026-07-20T20:28:51.864279Z"}
{"event_name": "anime.identified", "data": {"anime_id": 299, "anidb_id": 15586, "score": null}, "event": "event_published", "level": "info", "timestamp": "2026-07-20T20:28:52.321770Z"}
{"event_name": "anime.identified", "data": {"anime_id": 300, "anidb_id": 6154, "score": null}, "event": "event_published", "level": "info", "timestamp": "2026-07-20T20:28:52.516387Z"}
{"event_name": "anime.identified", "data": {"anime_id": 301, "anidb_id": 17741, "score": null}, "event": "event_published", "level": "info", "timestamp": "2026-07-20T20:28:53.317647Z"}
{"event_name": "anime.identified", "data": {"anime_id": 302, "anidb_id": 16086, "score": null}, "event": "event_published", "level": "info", "timestamp": "2026-07-20T20:28:53.537778Z"}
{"event_name": "anime.identified", "data": {"anime_id": 303, "anidb_id": 18775, "score": null}, "event": "event_published", "level": "info", "timestamp": "2026-07-20T20:28:53.953491Z"}
{"event_name": "anime.identified", "data": {"anime_id": 304, "anidb_id": 11004, "score": null}, "event": "event_published", "level": "info", "timestamp": "2026-07-20T20:28:54.095651Z"}
{"event_name": "anime.identified", "data": {"anime_id": 305, "anidb_id": 12133, "score": null}, "event": "event_published", "level": "info", "timestamp": "2026-07-20T20:28:54.264580Z"}
{"event_name": "anime.identified", "data": {"anime_id": 306, "anidb_id": 1852, "score": null}, "event": "event_published", "level": "info", "timestamp": "2026-07-20T20:28:54.590537Z"}
{"event_name": "anime.identified", "data": {"anime_id": 307, "anidb_id": 16047, "score": null}, "event": "event_published", "level": "info", "timestamp": "2026-07-20T20:28:54.832959Z"}
{"event_name": "anime.identified", "data": {"anime_id": 308, "anidb_id": 15780, "score": null}, "event": "event_published", "level": "info", "timestamp": "2026-07-20T20:28:54.993687Z"}
{"event_name": "anime.identified", "data": {"anime_id": 309, "anidb_id": 19193, "score": null}, "event": "event_published", "level": "info", "timestamp": "2026-07-20T20:28:55.169647Z"}
{"event_name": "anime.identified", "data": {"anime_id": 310, "anidb_id": 16686, "score": null}, "event": "event_published", "level": "info", "timestamp": "2026-07-20T20:28:55.359819Z"}
{"event_name": "anime.identified", "data": {"anime_id": 311, "anidb_id": 664, "score": null}, "event": "event_published", "level": "info", "timestamp": "2026-07-20T20:28:55.634588Z"}
{"event_name": "anime.identified", "data": {"anime_id": 312, "anidb_id": 17486, "score": null}, "event": "event_published", "level": "info", "timestamp": "2026-07-20T20:28:55.742382Z"}
{"event_name": "anime.identified", "data": {"anime_id": 313, "anidb_id": 10004, "score": null}, "event": "event_published", "level": "info", "timestamp": "2026-07-20T20:28:56.548034Z"}
{"event_name": "anime.identified", "data": {"anime_id": 314, "anidb_id": 17482, "score": null}, "event": "event_published", "level": "info", "timestamp": "2026-07-20T20:28:56.809412Z"}
{"event_name": "anime.identified", "data": {"anime_id": 315, "anidb_id": 17847, "score": null}, "event": "event_published", "level": "info", "timestamp": "2026-07-20T20:28:57.034236Z"}
{"event_name": "anime.identified", "data": {"anime_id": 316, "anidb_id": 10983, "score": null}, "event": "event_published", "level": "info", "timestamp": "2026-07-20T20:28:57.201154Z"}
{"event_name": "anime.identified", "data": {"anime_id": 317, "anidb_id": 17538, "score": null}, "event": "event_published", "level": "info", "timestamp": "2026-07-20T20:28:57.328353Z"}
{"event_name": "anime.identified", "data": {"anime_id": 318, "anidb_id": 13279, "score": null}, "event": "event_published", "level": "info", "timestamp": "2026-07-20T20:28:57.810697Z"}
{"event_name": "anime.identified", "data": {"anime_id": 319, "anidb_id": 18993, "score": null}, "event": "event_published", "level": "info", "timestamp": "2026-07-20T20:28:57.964718Z"}
{"event_name": "anime.identified", "data": {"anime_id": 320, "anidb_id": 623, "score": null}, "event": "event_published", "level": "info", "timestamp": "2026-07-20T20:28:58.755977Z"}
{"event_name": "anime.identified", "data": {"anime_id": 321, "anidb_id": 19704, "score": null}, "event": "event_published", "level": "info", "timestamp": "2026-07-20T20:28:59.519703Z"}
{"event_name": "anime.identified", "data": {"anime_id": 322, "anidb_id": 17315, "score": null}, "event": "event_published", "level": "info", "timestamp": "2026-07-20T20:29:00.032773Z"}
{"event_name": "anime.identified", "data": {"anime_id": 323, "anidb_id": 18008, "score": null}, "event": "event_published", "level": "info", "timestamp": "2026-07-20T20:29:00.565917Z"}
{"event_name": "anime.identified", "data": {"anime_id": 324, "anidb_id": 15566, "score": null}, "event": "event_published", "level": "info", "timestamp": "2026-07-20T20:29:01.792560Z"}
{"event_name": "anime.identified", "data": {"anime_id": 325, "anidb_id": 14724, "score": null}, "event": "event_published", "level": "info", "timestamp": "2026-07-20T20:29:02.232632Z"}
{"event_name": "anime.identified", "data": {"anime_id": 326, "anidb_id": 13817, "score": null}, "event": "event_published", "level": "info", "timestamp": "2026-07-20T20:29:02.417807Z"}
{"event_name": "anime.identified", "data": {"anime_id": 327, "anidb_id": 17483, "score": null}, "event": "event_published", "level": "info", "timestamp": "2026-07-20T20:29:02.641254Z"}
{"event_name": "anime.identified", "data": {"anime_id": 328, "anidb_id": 11021, "score": null}, "event": "event_published", "level": "info", "timestamp": "2026-07-20T20:29:03.173115Z"}
{"event_name": "anime.identified", "data": {"anime_id": 329, "anidb_id": 14116, "score": null}, "event": "event_published", "level": "info", "timestamp": "2026-07-20T20:29:03.603783Z"}
{"event_name": "anime.identified", "data": {"anime_id": 330, "anidb_id": 1749, "score": null}, "event": "event_published", "level": "info", "timestamp": "2026-07-20T20:29:03.906927Z"}
{"event_name": "anime.identified", "data": {"anime_id": 331, "anidb_id": 15022, "score": null}, "event": "event_published", "level": "info", "timestamp": "2026-07-20T20:29:04.176756Z"}
{"event_name": "anime.identified", "data": {"anime_id": 332, "anidb_id": 5848, "score": null}, "event": "event_published", "level": "info", "timestamp": "2026-07-20T20:29:04.543743Z"}
{"event_name": "anime.identified", "data": {"anime_id": 333, "anidb_id": 18110, "score": null}, "event": "event_published", "level": "info", "timestamp": "2026-07-20T20:29:04.932727Z"}
{"event_name": "anime.identified", "data": {"anime_id": 334, "anidb_id": 15591, "score": null}, "event": "event_published", "level": "info", "timestamp": "2026-07-20T20:29:05.242295Z"}
{"event_name": "anime.identified", "data": {"anime_id": 335, "anidb_id": 19383, "score": null}, "event": "event_published", "level": "info", "timestamp": "2026-07-20T20:29:05.367644Z"}
{"event_name": "anime.identified", "data": {"anime_id": 336, "anidb_id": 12305, "score": null}, "event": "event_published", "level": "info", "timestamp": "2026-07-20T20:29:05.555541Z"}
{"event_name": "anime.identified", "data": {"anime_id": 337, "anidb_id": 15781, "score": null}, "event": "event_published", "level": "info", "timestamp": "2026-07-20T20:29:05.791477Z"}
{"event_name": "anime.identified", "data": {"anime_id": 338, "anidb_id": 15496, "score": null}, "event": "event_published", "level": "info", "timestamp": "2026-07-20T20:29:06.030385Z"}
{"event_name": "anime.identified", "data": {"anime_id": 339, "anidb_id": 15537, "score": null}, "event": "event_published", "level": "info", "timestamp": "2026-07-20T20:29:07.111339Z"}
{"event_name": "anime.identified", "data": {"anime_id": 340, "anidb_id": 11821, "score": null}, "event": "event_published", "level": "info", "timestamp": "2026-07-20T20:29:07.439460Z"}
{"provider": "anidb", "event": "provider_banned_skipping", "level": "warning", "timestamp": "2026-07-20T20:29:07.447794Z"}
{"job_type": "rescan", "job_id": 335, "event": "job_failed", "level": "error", "timestamp": "2026-07-20T20:29:07.449319Z", "exception": "Traceback (most recent call last):\n  File \"I:\\git\\AnimeWatcherPlus\\AnimeWatcherPlus\\core\\app\\services\\jobs.py\", line 89, in _worker\n    await job.coro_factory()\n  File \"I:\\git\\AnimeWatcherPlus\\AnimeWatcherPlus\\core\\app\\services\\scanner.py\", line 366, in _run_rescan\n    await identification.manual_identify(\n  File \"I:\\git\\AnimeWatcherPlus\\AnimeWatcherPlus\\core\\app\\services\\identification.py\", line 125, in manual_identify\n    raise ValueError(f\"AniDB provider returned no data for aid={anidb_id}\")\nValueError: AniDB provider returned no data for aid=12758"}
{"event_name": "anime.identified", "data": {"anime_id": 342, "anidb_id": 16945, "score": null}, "event": "event_published", "level": "info", "timestamp": "2026-07-20T20:29:07.704414Z"}
{"event_name": "anime.identified", "data": {"anime_id": 343, "anidb_id": 15592, "score": null}, "event": "event_published", "level": "info", "timestamp": "2026-07-20T20:29:07.949674Z"}
{"event_name": "anime.identified", "data": {"anime_id": 344, "anidb_id": 875, "score": null}, "event": "event_published", "level": "info", "timestamp": "2026-07-20T20:29:08.436294Z"}
{"event_name": "anime.identified", "data": {"anime_id": 345, "anidb_id": 14909, "score": null}, "event": "event_published", "level": "info", "timestamp": "2026-07-20T20:29:09.287308Z"}
{"event_name": "anime.identified", "data": {"anime_id": 346, "anidb_id": 1358, "score": null}, "event": "event_published", "level": "info", "timestamp": "2026-07-20T20:29:10.637023Z"}
{"provider": "anidb", "event": "provider_banned_skipping", "level": "warning", "timestamp": "2026-07-20T20:29:10.810391Z"}
{"job_type": "rescan", "job_id": 341, "event": "job_failed", "level": "error", "timestamp": "2026-07-20T20:29:10.874944Z", "exception": "Traceback (most recent call last):\n  File \"I:\\git\\AnimeWatcherPlus\\AnimeWatcherPlus\\core\\app\\services\\jobs.py\", line 89, in _worker\n    await job.coro_factory()\n  File \"I:\\git\\AnimeWatcherPlus\\AnimeWatcherPlus\\core\\app\\services\\scanner.py\", line 366, in _run_rescan\n    await identification.manual_identify(\n  File \"I:\\git\\AnimeWatcherPlus\\AnimeWatcherPlus\\core\\app\\services\\identification.py\", line 125, in manual_identify\n    raise ValueError(f\"AniDB provider returned no data for aid={anidb_id}\")\nValueError: AniDB provider returned no data for aid=17518"}
{"event_name": "anime.identified", "data": {"anime_id": 348, "anidb_id": 14632, "score": null}, "event": "event_published", "level": "info", "timestamp": "2026-07-20T20:29:11.095340Z"}
{"event_name": "anime.identified", "data": {"anime_id": 349, "anidb_id": 15376, "score": null}, "event": "event_published", "level": "info", "timestamp": "2026-07-20T20:29:11.996700Z"}
{"event_name": "anime.identified", "data": {"anime_id": 350, "anidb_id": 17660, "score": null}, "event": "event_published", "level": "info", "timestamp": "2026-07-20T20:29:12.962315Z"}
{"event_name": "anime.identified", "data": {"anime_id": 351, "anidb_id": 16532, "score": null}, "event": "event_published", "level": "info", "timestamp": "2026-07-20T20:29:13.182724Z"}
{"event_name": "anime.identified", "data": {"anime_id": 352, "anidb_id": 18445, "score": null}, "event": "event_published", "level": "info", "timestamp": "2026-07-20T20:29:13.755640Z"}
{"event_name": "anime.identified", "data": {"anime_id": 353, "anidb_id": 19414, "score": null}, "event": "event_published", "level": "info", "timestamp": "2026-07-20T20:29:14.085593Z"}
{"event_name": "anime.identified", "data": {"anime_id": 354, "anidb_id": 16968, "score": null}, "event": "event_published", "level": "info", "timestamp": "2026-07-20T20:29:14.266392Z"}
{"event_name": "anime.identified", "data": {"anime_id": 355, "anidb_id": 8413, "score": null}, "event": "event_published", "level": "info", "timestamp": "2026-07-20T20:29:14.636220Z"}
{"event_name": "anime.identified", "data": {"anime_id": 356, "anidb_id": 17012, "score": null}, "event": "event_published", "level": "info", "timestamp": "2026-07-20T20:29:15.445802Z"}
{"event_name": "anime.identified", "data": {"anime_id": 357, "anidb_id": 6528, "score": null}, "event": "event_published", "level": "info", "timestamp": "2026-07-20T20:29:16.297277Z"}
{"event_name": "anime.identified", "data": {"anime_id": 358, "anidb_id": 9122, "score": null}, "event": "event_published", "level": "info", "timestamp": "2026-07-20T20:29:16.506993Z"}
{"event_name": "anime.identified", "data": {"anime_id": 359, "anidb_id": 17872, "score": null}, "event": "event_published", "level": "info", "timestamp": "2026-07-20T20:29:16.757751Z"}
{"event_name": "anime.identified", "data": {"anime_id": 360, "anidb_id": 17346, "score": null}, "event": "event_published", "level": "info", "timestamp": "2026-07-20T20:29:17.259439Z"}
{"event_name": "anime.identified", "data": {"anime_id": 361, "anidb_id": 8554, "score": null}, "event": "event_published", "level": "info", "timestamp": "2026-07-20T20:29:17.701055Z"}
{"event_name": "anime.identified", "data": {"anime_id": 362, "anidb_id": 14432, "score": null}, "event": "event_published", "level": "info", "timestamp": "2026-07-20T20:29:17.939168Z"}
{"event_name": "anime.identified", "data": {"anime_id": 363, "anidb_id": 11856, "score": null}, "event": "event_published", "level": "info", "timestamp": "2026-07-20T20:29:18.091797Z"}
{"event_name": "anime.identified", "data": {"anime_id": 364, "anidb_id": 10307, "score": null}, "event": "event_published", "level": "info", "timestamp": "2026-07-20T20:29:18.691892Z"}
{"event_name": "anime.identified", "data": {"anime_id": 365, "anidb_id": 19115, "score": null}, "event": "event_published", "level": "info", "timestamp": "2026-07-20T20:29:18.825351Z"}
{"event_name": "anime.identified", "data": {"anime_id": 366, "anidb_id": 12076, "score": null}, "event": "event_published", "level": "info", "timestamp": "2026-07-20T20:29:19.012714Z"}
{"event_name": "anime.identified", "data": {"anime_id": 367, "anidb_id": 12887, "score": null}, "event": "event_published", "level": "info", "timestamp": "2026-07-20T20:29:19.220501Z"}
{"event_name": "anime.identified", "data": {"anime_id": 368, "anidb_id": 14708, "score": null}, "event": "event_published", "level": "info", "timestamp": "2026-07-20T20:29:19.843516Z"}
{"event_name": "anime.identified", "data": {"anime_id": 369, "anidb_id": 18909, "score": null}, "event": "event_published", "level": "info", "timestamp": "2026-07-20T20:29:20.308838Z"}
{"event_name": "anime.identified", "data": {"anime_id": 370, "anidb_id": 18994, "score": null}, "event": "event_published", "level": "info", "timestamp": "2026-07-20T20:29:20.437228Z"}
{"event_name": "anime.identified", "data": {"anime_id": 371, "anidb_id": 19514, "score": null}, "event": "event_published", "level": "info", "timestamp": "2026-07-20T20:29:21.118511Z"}
{"event_name": "anime.identified", "data": {"anime_id": 372, "anidb_id": 6754, "score": null}, "event": "event_published", "level": "info", "timestamp": "2026-07-20T20:29:22.070227Z"}
{"event_name": "anime.identified", "data": {"anime_id": 373, "anidb_id": 17733, "score": null}, "event": "event_published", "level": "info", "timestamp": "2026-07-20T20:29:22.535498Z"}
{"event_name": "anime.identified", "data": {"anime_id": 374, "anidb_id": 18017, "score": null}, "event": "event_published", "level": "info", "timestamp": "2026-07-20T20:29:23.304789Z"}
{"event_name": "anime.identified", "data": {"anime_id": 375, "anidb_id": 8835, "score": null}, "event": "event_published", "level": "info", "timestamp": "2026-07-20T20:29:23.584514Z"}
{"event_name": "anime.identified", "data": {"anime_id": 376, "anidb_id": 11256, "score": null}, "event": "event_published", "level": "info", "timestamp": "2026-07-20T20:29:23.777535Z"}
{"event_name": "anime.identified", "data": {"anime_id": 377, "anidb_id": 15274, "score": null}, "event": "event_published", "level": "info", "timestamp": "2026-07-20T20:29:25.399393Z"}
{"event_name": "anime.identified", "data": {"anime_id": 378, "anidb_id": 14517, "score": null}, "event": "event_published", "level": "info", "timestamp": "2026-07-20T20:29:26.680582Z"}
{"event_name": "anime.identified", "data": {"anime_id": 379, "anidb_id": 11873, "score": null}, "event": "event_published", "level": "info", "timestamp": "2026-07-20T20:29:26.879184Z"}
{"provider": "anidb", "event": "provider_banned_skipping", "level": "warning", "timestamp": "2026-07-20T20:29:27.893914Z"}
{"job_type": "rescan", "job_id": 374, "event": "job_failed", "level": "error", "timestamp": "2026-07-20T20:29:27.901571Z", "exception": "Traceback (most recent call last):\n  File \"I:\\git\\AnimeWatcherPlus\\AnimeWatcherPlus\\core\\app\\services\\jobs.py\", line 89, in _worker\n    await job.coro_factory()\n  File \"I:\\git\\AnimeWatcherPlus\\AnimeWatcherPlus\\core\\app\\services\\scanner.py\", line 366, in _run_rescan\n    await identification.manual_identify(\n  File \"I:\\git\\AnimeWatcherPlus\\AnimeWatcherPlus\\core\\app\\services\\identification.py\", line 125, in manual_identify\n    raise ValueError(f\"AniDB provider returned no data for aid={anidb_id}\")\nValueError: AniDB provider returned no data for aid=13285"}
{"event_name": "anime.identified", "data": {"anime_id": 381, "anidb_id": 13632, "score": null}, "event": "event_published", "level": "info", "timestamp": "2026-07-20T20:29:28.059060Z"}
{"event_name": "anime.identified", "data": {"anime_id": 382, "anidb_id": 10964, "score": null}, "event": "event_published", "level": "info", "timestamp": "2026-07-20T20:29:28.474501Z"}
{"event_name": "anime.identified", "data": {"anime_id": 383, "anidb_id": 15805, "score": null}, "event": "event_published", "level": "info", "timestamp": "2026-07-20T20:29:28.618404Z"}
{"event_name": "anime.identified", "data": {"anime_id": 384, "anidb_id": 18672, "score": null}, "event": "event_published", "level": "info", "timestamp": "2026-07-20T20:29:28.951535Z"}
{"event_name": "anime.identified", "data": {"anime_id": 385, "anidb_id": 11749, "score": null}, "event": "event_published", "level": "info", "timestamp": "2026-07-20T20:29:29.101758Z"}
{"event_name": "anime.identified", "data": {"anime_id": 386, "anidb_id": 12013, "score": null}, "event": "event_published", "level": "info", "timestamp": "2026-07-20T20:29:29.236586Z"}
{"event_name": "anime.identified", "data": {"anime_id": 387, "anidb_id": 14749, "score": null}, "event": "event_published", "level": "info", "timestamp": "2026-07-20T20:29:31.262076Z"}
{"event_name": "anime.identified", "data": {"anime_id": 388, "anidb_id": 12365, "score": null}, "event": "event_published", "level": "info", "timestamp": "2026-07-20T20:29:32.032780Z"}
{"provider": "anidb", "event": "provider_banned_skipping", "level": "warning", "timestamp": "2026-07-20T20:29:32.044120Z"}
{"job_type": "rescan", "job_id": 383, "event": "job_failed", "level": "error", "timestamp": "2026-07-20T20:29:32.052309Z", "exception": "Traceback (most recent call last):\n  File \"I:\\git\\AnimeWatcherPlus\\AnimeWatcherPlus\\core\\app\\services\\jobs.py\", line 89, in _worker\n    await job.coro_factory()\n  File \"I:\\git\\AnimeWatcherPlus\\AnimeWatcherPlus\\core\\app\\services\\scanner.py\", line 366, in _run_rescan\n    await identification.manual_identify(\n  File \"I:\\git\\AnimeWatcherPlus\\AnimeWatcherPlus\\core\\app\\services\\identification.py\", line 125, in manual_identify\n    raise ValueError(f\"AniDB provider returned no data for aid={anidb_id}\")\nValueError: AniDB provider returned no data for aid=1725"}
{"event_name": "anime.identified", "data": {"anime_id": 390, "anidb_id": 10839, "score": null}, "event": "event_published", "level": "info", "timestamp": "2026-07-20T20:29:32.243722Z"}
{"event_name": "anime.identified", "data": {"anime_id": 391, "anidb_id": 9526, "score": null}, "event": "event_published", "level": "info", "timestamp": "2026-07-20T20:29:32.444631Z"}
{"event_name": "anime.identified", "data": {"anime_id": 392, "anidb_id": 15326, "score": null}, "event": "event_published", "level": "info", "timestamp": "2026-07-20T20:29:32.733257Z"}
{"event_name": "anime.identified", "data": {"anime_id": 393, "anidb_id": 10003, "score": null}, "event": "event_published", "level": "info", "timestamp": "2026-07-20T20:29:32.900626Z"}
{"event_name": "anime.identified", "data": {"anime_id": 394, "anidb_id": 528, "score": null}, "event": "event_published", "level": "info", "timestamp": "2026-07-20T20:29:33.979891Z"}
{"event_name": "anime.identified", "data": {"anime_id": 395, "anidb_id": 12570, "score": null}, "event": "event_published", "level": "info", "timestamp": "2026-07-20T20:29:34.665669Z"}
{"event_name": "anime.identified", "data": {"anime_id": 396, "anidb_id": 10429, "score": null}, "event": "event_published", "level": "info", "timestamp": "2026-07-20T20:29:35.199260Z"}
{"event_name": "anime.identified", "data": {"anime_id": 397, "anidb_id": 9469, "score": null}, "event": "event_published", "level": "info", "timestamp": "2026-07-20T20:29:35.414130Z"}
{"event_name": "anime.identified", "data": {"anime_id": 398, "anidb_id": 18417, "score": null}, "event": "event_published", "level": "info", "timestamp": "2026-07-20T20:29:35.699716Z"}
{"event_name": "anime.identified", "data": {"anime_id": 399, "anidb_id": 19036, "score": null}, "event": "event_published", "level": "info", "timestamp": "2026-07-20T20:29:35.823108Z"}
{"event_name": "anime.identified", "data": {"anime_id": 400, "anidb_id": 4463, "score": null}, "event": "event_published", "level": "info", "timestamp": "2026-07-20T20:29:36.185201Z"}
{"provider": "anidb", "event": "provider_banned_skipping", "level": "warning", "timestamp": "2026-07-20T20:29:36.197689Z"}
{"job_type": "rescan", "job_id": 395, "event": "job_failed", "level": "error", "timestamp": "2026-07-20T20:29:36.205478Z", "exception": "Traceback (most recent call last):\n  File \"I:\\git\\AnimeWatcherPlus\\AnimeWatcherPlus\\core\\app\\services\\jobs.py\", line 89, in _worker\n    await job.coro_factory()\n  File \"I:\\git\\AnimeWatcherPlus\\AnimeWatcherPlus\\core\\app\\services\\scanner.py\", line 366, in _run_rescan\n    await identification.manual_identify(\n  File \"I:\\git\\AnimeWatcherPlus\\AnimeWatcherPlus\\core\\app\\services\\identification.py\", line 125, in manual_identify\n    raise ValueError(f\"AniDB provider returned no data for aid={anidb_id}\")\nValueError: AniDB provider returned no data for aid=16066"}
{"event_name": "anime.identified", "data": {"anime_id": 402, "anidb_id": 15025, "score": null}, "event": "event_published", "level": "info", "timestamp": "2026-07-20T20:29:36.431068Z"}
{"event_name": "anime.identified", "data": {"anime_id": 403, "anidb_id": 14549, "score": null}, "event": "event_published", "level": "info", "timestamp": "2026-07-20T20:29:36.839081Z"}
{"event_name": "anime.identified", "data": {"anime_id": 404, "anidb_id": 19543, "score": null}, "event": "event_published", "level": "info", "timestamp": "2026-07-20T20:29:37.077588Z"}
{"provider": "anidb", "event": "provider_banned_skipping", "level": "warning", "timestamp": "2026-07-20T20:29:37.089395Z"}
{"job_type": "rescan", "job_id": 399, "event": "job_failed", "level": "error", "timestamp": "2026-07-20T20:29:37.098110Z", "exception": "Traceback (most recent call last):\n  File \"I:\\git\\AnimeWatcherPlus\\AnimeWatcherPlus\\core\\app\\services\\jobs.py\", line 89, in _worker\n    await job.coro_factory()\n  File \"I:\\git\\AnimeWatcherPlus\\AnimeWatcherPlus\\core\\app\\services\\scanner.py\", line 366, in _run_rescan\n    await identification.manual_identify(\n  File \"I:\\git\\AnimeWatcherPlus\\AnimeWatcherPlus\\core\\app\\services\\identification.py\", line 125, in manual_identify\n    raise ValueError(f\"AniDB provider returned no data for aid={anidb_id}\")\nValueError: AniDB provider returned no data for aid=15569"}
{"event_name": "anime.identified", "data": {"anime_id": 406, "anidb_id": 18666, "score": null}, "event": "event_published", "level": "info", "timestamp": "2026-07-20T20:29:37.253307Z"}
{"event_name": "anime.identified", "data": {"anime_id": 407, "anidb_id": 3130, "score": null}, "event": "event_published", "level": "info", "timestamp": "2026-07-20T20:29:37.643969Z"}
{"event_name": "anime.identified", "data": {"anime_id": 408, "anidb_id": 12306, "score": null}, "event": "event_published", "level": "info", "timestamp": "2026-07-20T20:29:37.892460Z"}
{"event_name": "anime.identified", "data": {"anime_id": 409, "anidb_id": 13763, "score": null}, "event": "event_published", "level": "info", "timestamp": "2026-07-20T20:29:38.083589Z"}
{"event_name": "anime.identified", "data": {"anime_id": 410, "anidb_id": 1640, "score": null}, "event": "event_published", "level": "info", "timestamp": "2026-07-20T20:29:39.705085Z"}
{"event_name": "anime.identified", "data": {"anime_id": 411, "anidb_id": 1128, "score": null}, "event": "event_published", "level": "info", "timestamp": "2026-07-20T20:29:40.761250Z"}
{"event_name": "anime.identified", "data": {"anime_id": 412, "anidb_id": 8678, "score": null}, "event": "event_published", "level": "info", "timestamp": "2026-07-20T20:29:41.221443Z"}
{"provider": "anidb", "event": "provider_banned_skipping", "level": "warning", "timestamp": "2026-07-20T20:29:41.266796Z"}
{"job_type": "rescan", "job_id": 407, "event": "job_failed", "level": "error", "timestamp": "2026-07-20T20:29:41.276031Z", "exception": "Traceback (most recent call last):\n  File \"I:\\git\\AnimeWatcherPlus\\AnimeWatcherPlus\\core\\app\\services\\jobs.py\", line 89, in _worker\n    await job.coro_factory()\n  File \"I:\\git\\AnimeWatcherPlus\\AnimeWatcherPlus\\core\\app\\services\\scanner.py\", line 366, in _run_rescan\n    await identification.manual_identify(\n  File \"I:\\git\\AnimeWatcherPlus\\AnimeWatcherPlus\\core\\app\\services\\identification.py\", line 125, in manual_identify\n    raise ValueError(f\"AniDB provider returned no data for aid={anidb_id}\")\nValueError: AniDB provider returned no data for aid=17838"}
{"event_name": "anime.identified", "data": {"anime_id": 414, "anidb_id": 687, "score": null}, "event": "event_published", "level": "info", "timestamp": "2026-07-20T20:29:42.130851Z"}
{"event_name": "anime.identified", "data": {"anime_id": 415, "anidb_id": 13383, "score": null}, "event": "event_published", "level": "info", "timestamp": "2026-07-20T20:29:42.390392Z"}
{"event_name": "anime.identified", "data": {"anime_id": 416, "anidb_id": 19456, "score": null}, "event": "event_published", "level": "info", "timestamp": "2026-07-20T20:29:42.520772Z"}
{"event_name": "anime.identified", "data": {"anime_id": 417, "anidb_id": 8104, "score": null}, "event": "event_published", "level": "info", "timestamp": "2026-07-20T20:29:43.019264Z"}
{"event_name": "anime.identified", "data": {"anime_id": 418, "anidb_id": 9483, "score": null}, "event": "event_published", "level": "info", "timestamp": "2026-07-20T20:29:43.357898Z"}
{"event_name": "anime.identified", "data": {"anime_id": 419, "anidb_id": 14725, "score": null}, "event": "event_published", "level": "info", "timestamp": "2026-07-20T20:29:43.720615Z"}
{"event_name": "anime.identified", "data": {"anime_id": 420, "anidb_id": 18262, "score": null}, "event": "event_published", "level": "info", "timestamp": "2026-07-20T20:29:44.315815Z"}
{"event_name": "anime.identified", "data": {"anime_id": 421, "anidb_id": 8720, "score": null}, "event": "event_published", "level": "info", "timestamp": "2026-07-20T20:29:44.647012Z"}
{"event_name": "anime.identified", "data": {"anime_id": 422, "anidb_id": 17653, "score": null}, "event": "event_published", "level": "info", "timestamp": "2026-07-20T20:29:44.996533Z"}
{"provider": "anidb", "event": "provider_banned_skipping", "level": "warning", "timestamp": "2026-07-20T20:29:45.088839Z"}
{"job_type": "rescan", "job_id": 417, "event": "job_failed", "level": "error", "timestamp": "2026-07-20T20:29:45.093048Z", "exception": "Traceback (most recent call last):\n  File \"I:\\git\\AnimeWatcherPlus\\AnimeWatcherPlus\\core\\app\\services\\jobs.py\", line 89, in _worker\n    await job.coro_factory()\n  File \"I:\\git\\AnimeWatcherPlus\\AnimeWatcherPlus\\core\\app\\services\\scanner.py\", line 366, in _run_rescan\n    await identification.manual_identify(\n  File \"I:\\git\\AnimeWatcherPlus\\AnimeWatcherPlus\\core\\app\\services\\identification.py\", line 125, in manual_identify\n    raise ValueError(f\"AniDB provider returned no data for aid={anidb_id}\")\nValueError: AniDB provider returned no data for aid=9601"}
{"event_name": "anime.identified", "data": {"anime_id": 424, "anidb_id": 17242, "score": null}, "event": "event_published", "level": "info", "timestamp": "2026-07-20T20:29:45.250105Z"}
{"event_name": "anime.identified", "data": {"anime_id": 425, "anidb_id": 17733, "score": 100.0}, "event": "event_published", "level": "info", "timestamp": "2026-07-20T20:29:48.106151Z"}
{"anime_id": 425, "anidb_id": 17733, "duplicate_of_anime_id": 373, "event": "anime_duplicate_detected", "level": "warning", "timestamp": "2026-07-20T20:29:48.106151Z"}
{"event_name": "anime.duplicate_detected", "data": {"anime_id": 425, "anidb_id": 17733, "duplicate_of_anime_id": 373}, "event": "event_published", "level": "info", "timestamp": "2026-07-20T20:29:48.109435Z"}
{"event_name": "anime.missing_on_disk", "data": {"anime_id": 425, "path": "\\\\NIGHTMAREMOON\\media\\Hentai\\Imouto wa Gal Kawaii"}, "event": "event_published", "level": "info", "timestamp": "2026-07-20T20:33:33.426675Z"}
{"log_file": "C:\\Users\\thund\\AppData\\Roaming\\AnimeWatcherPlus\\logs\\core.log", "event": "logging_configured", "level": "info", "timestamp": "2026-07-20T21:23:13.627660Z"}
{"banned_until_epoch": 1784662172.765216, "remaining_s": 79578.04595303535, "event": "anidb_ban_restored_from_previous_run", "level": "warning", "timestamp": "2026-07-20T21:23:14.719263Z"}
{"count": 24, "total_identified": 415, "ignore_staleness": false, "event": "metadata_rescan_enqueued", "level": "info", "timestamp": "2026-07-20T21:23:16.084057Z"}
{"data_dir": "C:\\Users\\thund\\AppData\\Roaming\\AnimeWatcherPlus", "event": "core_started", "level": "info", "timestamp": "2026-07-20T21:23:16.085584Z"}
{"event_name": "anime.identified", "data": {"anime_id": 4, "anidb_id": 19575, "score": null}, "event": "event_published", "level": "info", "timestamp": "2026-07-20T21:24:23.921549Z"}
{"event_name": "anime.identified", "data": {"anime_id": 12, "anidb_id": 18007, "score": null}, "event": "event_published", "level": "info", "timestamp": "2026-07-20T21:24:24.011561Z"}
{"event_name": "anime.identified", "data": {"anime_id": 76, "anidb_id": 19515, "score": null}, "event": "event_published", "level": "info", "timestamp": "2026-07-20T21:24:24.086125Z"}
{"event_name": "anime.identified", "data": {"anime_id": 115, "anidb_id": 18896, "score": null}, "event": "event_published", "level": "info", "timestamp": "2026-07-20T21:24:24.168846Z"}
{"event_name": "anime.identified", "data": {"anime_id": 127, "anidb_id": 19489, "score": null}, "event": "event_published", "level": "info", "timestamp": "2026-07-20T21:24:24.273015Z"}
{"event_name": "anime.identified", "data": {"anime_id": 195, "anidb_id": 19330, "score": null}, "event": "event_published", "level": "info", "timestamp": "2026-07-20T21:24:24.385612Z"}
{"event_name": "anime.identified", "data": {"anime_id": 202, "anidb_id": 19612, "score": null}, "event": "event_published", "level": "info", "timestamp": "2026-07-20T21:24:24.457396Z"}
{"event_name": "anime.identified", "data": {"anime_id": 212, "anidb_id": 16198, "score": null}, "event": "event_published", "level": "info", "timestamp": "2026-07-20T21:24:24.578323Z"}
{"event_name": "anime.identified", "data": {"anime_id": 235, "anidb_id": 19140, "score": null}, "event": "event_published", "level": "info", "timestamp": "2026-07-20T21:24:24.659107Z"}
{"event_name": "anime.identified", "data": {"anime_id": 276, "anidb_id": 11892, "score": null}, "event": "event_published", "level": "info", "timestamp": "2026-07-20T21:24:24.784011Z"}
{"event_name": "anime.identified", "data": {"anime_id": 286, "anidb_id": 15249, "score": null}, "event": "event_published", "level": "info", "timestamp": "2026-07-20T21:24:24.966083Z"}
{"event_name": "anime.identified", "data": {"anime_id": 315, "anidb_id": 17847, "score": null}, "event": "event_published", "level": "info", "timestamp": "2026-07-20T21:24:25.071559Z"}
{"event_name": "anime.identified", "data": {"anime_id": 321, "anidb_id": 19704, "score": null}, "event": "event_published", "level": "info", "timestamp": "2026-07-20T21:24:25.214781Z"}
{"event_name": "anime.identified", "data": {"anime_id": 323, "anidb_id": 18008, "score": null}, "event": "event_published", "level": "info", "timestamp": "2026-07-20T21:24:25.333242Z"}
{"provider": "anidb", "event": "provider_banned_skipping", "level": "warning", "timestamp": "2026-07-20T21:24:25.342630Z"}
{"job_type": "rescan", "job_id": 18, "event": "job_failed", "level": "error", "timestamp": "2026-07-20T21:24:25.345260Z", "exception": "Traceback (most recent call last):\n  File \"I:\\git\\AnimeWatcherPlus\\AnimeWatcherPlus\\core\\app\\services\\jobs.py\", line 89, in _worker\n    await job.coro_factory()\n  File \"I:\\git\\AnimeWatcherPlus\\AnimeWatcherPlus\\core\\app\\services\\scanner.py\", line 385, in _run_rescan\n    await identification.manual_identify(\n  File \"I:\\git\\AnimeWatcherPlus\\AnimeWatcherPlus\\core\\app\\services\\identification.py\", line 125, in manual_identify\n    raise ValueError(f\"AniDB provider returned no data for aid={anidb_id}\")\nValueError: AniDB provider returned no data for aid=12758"}
{"provider": "anidb", "event": "provider_banned_skipping", "level": "warning", "timestamp": "2026-07-20T21:24:25.354249Z"}
{"job_type": "rescan", "job_id": 19, "event": "job_failed", "level": "error", "timestamp": "2026-07-20T21:24:25.357310Z", "exception": "Traceback (most recent call last):\n  File \"I:\\git\\AnimeWatcherPlus\\AnimeWatcherPlus\\core\\app\\services\\jobs.py\", line 89, in _worker\n    await job.coro_factory()\n  File \"I:\\git\\AnimeWatcherPlus\\AnimeWatcherPlus\\core\\app\\services\\scanner.py\", line 385, in _run_rescan\n    await identification.manual_identify(\n  File \"I:\\git\\AnimeWatcherPlus\\AnimeWatcherPlus\\core\\app\\services\\identification.py\", line 125, in manual_identify\n    raise ValueError(f\"AniDB provider returned no data for aid={anidb_id}\")\nValueError: AniDB provider returned no data for aid=17518"}
{"event_name": "anime.identified", "data": {"anime_id": 371, "anidb_id": 19514, "score": null}, "event": "event_published", "level": "info", "timestamp": "2026-07-20T21:24:25.480562Z"}
{"provider": "anidb", "event": "provider_banned_skipping", "level": "warning", "timestamp": "2026-07-20T21:24:25.488277Z"}
{"job_type": "rescan", "job_id": 21, "event": "job_failed", "level": "error", "timestamp": "2026-07-20T21:24:25.492049Z", "exception": "Traceback (most recent call last):\n  File \"I:\\git\\AnimeWatcherPlus\\AnimeWatcherPlus\\core\\app\\services\\jobs.py\", line 89, in _worker\n    await job.coro_factory()\n  File \"I:\\git\\AnimeWatcherPlus\\AnimeWatcherPlus\\core\\app\\services\\scanner.py\", line 385, in _run_rescan\n    await identification.manual_identify(\n  File \"I:\\git\\AnimeWatcherPlus\\AnimeWatcherPlus\\core\\app\\services\\identification.py\", line 125, in manual_identify\n    raise ValueError(f\"AniDB provider returned no data for aid={anidb_id}\")\nValueError: AniDB provider returned no data for aid=13285"}
{"provider": "anidb", "event": "provider_banned_skipping", "level": "warning", "timestamp": "2026-07-20T21:24:25.505023Z"}
{"job_type": "rescan", "job_id": 22, "event": "job_failed", "level": "error", "timestamp": "2026-07-20T21:24:25.507735Z", "exception": "Traceback (most recent call last):\n  File \"I:\\git\\AnimeWatcherPlus\\AnimeWatcherPlus\\core\\app\\services\\jobs.py\", line 89, in _worker\n    await job.coro_factory()\n  File \"I:\\git\\AnimeWatcherPlus\\AnimeWatcherPlus\\core\\app\\services\\scanner.py\", line 385, in _run_rescan\n    await identification.manual_identify(\n  File \"I:\\git\\AnimeWatcherPlus\\AnimeWatcherPlus\\core\\app\\services\\identification.py\", line 125, in manual_identify\n    raise ValueError(f\"AniDB provider returned no data for aid={anidb_id}\")\nValueError: AniDB provider returned no data for aid=1725"}
{"provider": "anidb", "event": "provider_banned_skipping", "level": "warning", "timestamp": "2026-07-20T21:24:25.515402Z"}
{"job_type": "rescan", "job_id": 23, "event": "job_failed", "level": "error", "timestamp": "2026-07-20T21:24:25.518530Z", "exception": "Traceback (most recent call last):\n  File \"I:\\git\\AnimeWatcherPlus\\AnimeWatcherPlus\\core\\app\\services\\jobs.py\", line 89, in _worker\n    await job.coro_factory()\n  File \"I:\\git\\AnimeWatcherPlus\\AnimeWatcherPlus\\core\\app\\services\\scanner.py\", line 385, in _run_rescan\n    await identification.manual_identify(\n  File \"I:\\git\\AnimeWatcherPlus\\AnimeWatcherPlus\\core\\app\\services\\identification.py\", line 125, in manual_identify\n    raise ValueError(f\"AniDB provider returned no data for aid={anidb_id}\")\nValueError: AniDB provider returned no data for aid=16066"}
{"event_name": "anime.identified", "data": {"anime_id": 404, "anidb_id": 19543, "score": null}, "event": "event_published", "level": "info", "timestamp": "2026-07-20T21:24:25.634502Z"}
{"provider": "anidb", "event": "provider_banned_skipping", "level": "warning", "timestamp": "2026-07-20T21:24:25.643828Z"}
{"job_type": "rescan", "job_id": 25, "event": "job_failed", "level": "error", "timestamp": "2026-07-20T21:24:25.645356Z", "exception": "Traceback (most recent call last):\n  File \"I:\\git\\AnimeWatcherPlus\\AnimeWatcherPlus\\core\\app\\services\\jobs.py\", line 89, in _worker\n    await job.coro_factory()\n  File \"I:\\git\\AnimeWatcherPlus\\AnimeWatcherPlus\\core\\app\\services\\scanner.py\", line 385, in _run_rescan\n    await identification.manual_identify(\n  File \"I:\\git\\AnimeWatcherPlus\\AnimeWatcherPlus\\core\\app\\services\\identification.py\", line 125, in manual_identify\n    raise ValueError(f\"AniDB provider returned no data for aid={anidb_id}\")\nValueError: AniDB provider returned no data for aid=15569"}
{"provider": "anidb", "event": "provider_banned_skipping", "level": "warning", "timestamp": "2026-07-20T21:24:25.652632Z"}
{"job_type": "rescan", "job_id": 26, "event": "job_failed", "level": "error", "timestamp": "2026-07-20T21:24:25.655714Z", "exception": "Traceback (most recent call last):\n  File \"I:\\git\\AnimeWatcherPlus\\AnimeWatcherPlus\\core\\app\\services\\jobs.py\", line 89, in _worker\n    await job.coro_factory()\n  File \"I:\\git\\AnimeWatcherPlus\\AnimeWatcherPlus\\core\\app\\services\\scanner.py\", line 385, in _run_rescan\n    await identification.manual_identify(\n  File \"I:\\git\\AnimeWatcherPlus\\AnimeWatcherPlus\\core\\app\\services\\identification.py\", line 125, in manual_identify\n    raise ValueError(f\"AniDB provider returned no data for aid={anidb_id}\")\nValueError: AniDB provider returned no data for aid=17838"}
{"provider": "anidb", "event": "provider_banned_skipping", "level": "warning", "timestamp": "2026-07-20T21:24:25.663434Z"}
{"job_type": "rescan", "job_id": 27, "event": "job_failed", "level": "error", "timestamp": "2026-07-20T21:24:25.666206Z", "exception": "Traceback (most recent call last):\n  File \"I:\\git\\AnimeWatcherPlus\\AnimeWatcherPlus\\core\\app\\services\\jobs.py\", line 89, in _worker\n    await job.coro_factory()\n  File \"I:\\git\\AnimeWatcherPlus\\AnimeWatcherPlus\\core\\app\\services\\scanner.py\", line 385, in _run_rescan\n    await identification.manual_identify(\n  File \"I:\\git\\AnimeWatcherPlus\\AnimeWatcherPlus\\core\\app\\services\\identification.py\", line 125, in manual_identify\n    raise ValueError(f\"AniDB provider returned no data for aid={anidb_id}\")\nValueError: AniDB provider returned no data for aid=9601"}
{"log_file": "C:\\Users\\thund\\AppData\\Roaming\\AnimeWatcherPlus\\logs\\core.log", "event": "logging_configured", "level": "info", "timestamp": "2026-07-30T15:55:31.719348Z"}
{"count": 24, "total_identified": 415, "ignore_staleness": false, "event": "metadata_rescan_enqueued", "level": "info", "timestamp": "2026-07-30T15:55:34.781394Z"}
{"data_dir": "C:\\Users\\thund\\AppData\\Roaming\\AnimeWatcherPlus", "event": "core_started", "level": "info", "timestamp": "2026-07-30T15:55:34.784459Z"}
{"event_name": "anime.identified", "data": {"anime_id": 310, "anidb_id": 16686, "score": null}, "event": "event_published", "level": "info", "timestamp": "2026-07-30T15:56:28.014768Z"}
{"event_name": "anime.identified", "data": {"anime_id": 4, "anidb_id": 19575, "score": null}, "event": "event_published", "level": "info", "timestamp": "2026-07-30T15:56:58.161364Z"}
{"event_name": "anime.identified", "data": {"anime_id": 12, "anidb_id": 18007, "score": null}, "event": "event_published", "level": "info", "timestamp": "2026-07-30T15:57:02.140321Z"}
{"event_name": "anime.identified", "data": {"anime_id": 76, "anidb_id": 19515, "score": null}, "event": "event_published", "level": "info", "timestamp": "2026-07-30T15:57:06.091827Z"}
{"event_name": "anime.identified", "data": {"anime_id": 115, "anidb_id": 18896, "score": null}, "event": "event_published", "level": "info", "timestamp": "2026-07-30T15:57:10.153138Z"}
{"event_name": "anime.identified", "data": {"anime_id": 127, "anidb_id": 19489, "score": null}, "event": "event_published", "level": "info", "timestamp": "2026-07-30T15:57:14.347543Z"}
{"event_name": "anime.identified", "data": {"anime_id": 195, "anidb_id": 19330, "score": null}, "event": "event_published", "level": "info", "timestamp": "2026-07-30T15:57:18.183010Z"}
{"event_name": "anime.identified", "data": {"anime_id": 202, "anidb_id": 19612, "score": null}, "event": "event_published", "level": "info", "timestamp": "2026-07-30T15:57:22.191904Z"}
{"event_name": "anime.identified", "data": {"anime_id": 212, "anidb_id": 16198, "score": null}, "event": "event_published", "level": "info", "timestamp": "2026-07-30T15:57:26.279284Z"}
{"event_name": "anime.identified", "data": {"anime_id": 235, "anidb_id": 19140, "score": null}, "event": "event_published", "level": "info", "timestamp": "2026-07-30T15:57:30.232675Z"}
{"event_name": "anime.identified", "data": {"anime_id": 276, "anidb_id": 11892, "score": null}, "event": "event_published", "level": "info", "timestamp": "2026-07-30T15:57:34.211494Z"}
{"event_name": "anime.identified", "data": {"anime_id": 286, "anidb_id": 15249, "score": null}, "event": "event_published", "level": "info", "timestamp": "2026-07-30T15:57:38.248265Z"}
{"event_name": "anime.identified", "data": {"anime_id": 315, "anidb_id": 17847, "score": null}, "event": "event_published", "level": "info", "timestamp": "2026-07-30T15:57:42.182212Z"}
{"event_name": "anime.identified", "data": {"anime_id": 321, "anidb_id": 19704, "score": null}, "event": "event_published", "level": "info", "timestamp": "2026-07-30T15:57:46.186824Z"}
{"event_name": "anime.identified", "data": {"anime_id": 323, "anidb_id": 18008, "score": null}, "event": "event_published", "level": "info", "timestamp": "2026-07-30T15:57:50.208815Z"}
{"event_name": "anime.identified", "data": {"anime_id": 341, "anidb_id": 12758, "score": null}, "event": "event_published", "level": "info", "timestamp": "2026-07-30T15:57:54.258932Z"}
{"event_name": "anime.identified", "data": {"anime_id": 347, "anidb_id": 17518, "score": null}, "event": "event_published", "level": "info", "timestamp": "2026-07-30T15:57:58.336363Z"}
{"event_name": "anime.identified", "data": {"anime_id": 371, "anidb_id": 19514, "score": null}, "event": "event_published", "level": "info", "timestamp": "2026-07-30T15:58:02.197706Z"}
{"event_name": "anime.identified", "data": {"anime_id": 380, "anidb_id": 13285, "score": null}, "event": "event_published", "level": "info", "timestamp": "2026-07-30T15:58:06.287330Z"}
{"event_name": "anime.identified", "data": {"anime_id": 389, "anidb_id": 1725, "score": null}, "event": "event_published", "level": "info", "timestamp": "2026-07-30T15:58:10.333184Z"}
{"event_name": "anime.identified", "data": {"anime_id": 401, "anidb_id": 16066, "score": null}, "event": "event_published", "level": "info", "timestamp": "2026-07-30T15:58:14.287041Z"}
{"event_name": "anime.identified", "data": {"anime_id": 404, "anidb_id": 19543, "score": null}, "event": "event_published", "level": "info", "timestamp": "2026-07-30T15:58:18.237763Z"}
{"event_name": "anime.identified", "data": {"anime_id": 405, "anidb_id": 15569, "score": null}, "event": "event_published", "level": "info", "timestamp": "2026-07-30T15:58:22.318119Z"}
{"event_name": "anime.identified", "data": {"anime_id": 413, "anidb_id": 17838, "score": null}, "event": "event_published", "level": "info", "timestamp": "2026-07-30T15:58:26.334637Z"}
{"event_name": "anime.identified", "data": {"anime_id": 423, "anidb_id": 9601, "score": null}, "event": "event_published", "level": "info", "timestamp": "2026-07-30T15:58:30.304932Z"}
{"event_name": "anime.identified", "data": {"anime_id": 310, "anidb_id": 16686, "score": null}, "event": "event_published", "level": "info", "timestamp": "2026-07-30T16:00:18.822854Z"}
{"log_file": "C:\\Users\\thund\\AppData\\Roaming\\AnimeWatcherPlus\\logs\\core.log", "event": "logging_configured", "level": "info", "timestamp": "2026-08-02T12:56:56.305152Z"}
{"count": 16, "total_identified": 415, "ignore_staleness": false, "event": "metadata_rescan_enqueued", "level": "info", "timestamp": "2026-08-02T12:57:01.381329Z"}
{"data_dir": "C:\\Users\\thund\\AppData\\Roaming\\AnimeWatcherPlus", "event": "core_started", "level": "info", "timestamp": "2026-08-02T12:57:01.384390Z"}
{"event_name": "anime.identified", "data": {"anime_id": 310, "anidb_id": 16686, "score": null}, "event": "event_published", "level": "info", "timestamp": "2026-08-02T12:57:15.650332Z"}
{"event_name": "anime.identified", "data": {"anime_id": 4, "anidb_id": 19575, "score": null}, "event": "event_published", "level": "info", "timestamp": "2026-08-02T12:58:37.059017Z"}
{"event_name": "anime.identified", "data": {"anime_id": 12, "anidb_id": 18007, "score": null}, "event": "event_published", "level": "info", "timestamp": "2026-08-02T12:58:37.206701Z"}
{"event_name": "anime.identified", "data": {"anime_id": 76, "anidb_id": 19515, "score": null}, "event": "event_published", "level": "info", "timestamp": "2026-08-02T12:58:37.288116Z"}
{"event_name": "anime.identified", "data": {"anime_id": 115, "anidb_id": 18896, "score": null}, "event": "event_published", "level": "info", "timestamp": "2026-08-02T12:58:37.573643Z"}
{"event_name": "anime.identified", "data": {"anime_id": 127, "anidb_id": 19489, "score": null}, "event": "event_published", "level": "info", "timestamp": "2026-08-02T12:58:37.810308Z"}
{"event_name": "anime.identified", "data": {"anime_id": 195, "anidb_id": 19330, "score": null}, "event": "event_published", "level": "info", "timestamp": "2026-08-02T12:58:39.508971Z"}
{"event_name": "anime.identified", "data": {"anime_id": 202, "anidb_id": 19612, "score": null}, "event": "event_published", "level": "info", "timestamp": "2026-08-02T12:58:39.652016Z"}
{"event_name": "anime.identified", "data": {"anime_id": 212, "anidb_id": 16198, "score": null}, "event": "event_published", "level": "info", "timestamp": "2026-08-02T12:58:39.961818Z"}
{"event_name": "anime.identified", "data": {"anime_id": 235, "anidb_id": 19140, "score": null}, "event": "event_published", "level": "info", "timestamp": "2026-08-02T12:58:40.054421Z"}
{"event_name": "anime.identified", "data": {"anime_id": 276, "anidb_id": 11892, "score": null}, "event": "event_published", "level": "info", "timestamp": "2026-08-02T12:58:40.216174Z"}
{"event_name": "anime.identified", "data": {"anime_id": 286, "anidb_id": 15249, "score": null}, "event": "event_published", "level": "info", "timestamp": "2026-08-02T12:58:40.548128Z"}
{"event_name": "anime.identified", "data": {"anime_id": 315, "anidb_id": 17847, "score": null}, "event": "event_published", "level": "info", "timestamp": "2026-08-02T12:58:40.738022Z"}
{"event_name": "anime.identified", "data": {"anime_id": 321, "anidb_id": 19704, "score": null}, "event": "event_published", "level": "info", "timestamp": "2026-08-02T12:58:40.883549Z"}
{"event_name": "anime.identified", "data": {"anime_id": 323, "anidb_id": 18008, "score": null}, "event": "event_published", "level": "info", "timestamp": "2026-08-02T12:58:41.014226Z"}
{"event_name": "anime.identified", "data": {"anime_id": 371, "anidb_id": 19514, "score": null}, "event": "event_published", "level": "info", "timestamp": "2026-08-02T12:58:41.133999Z"}
{"event_name": "anime.identified", "data": {"anime_id": 404, "anidb_id": 19543, "score": null}, "event": "event_published", "level": "info", "timestamp": "2026-08-02T12:58:41.239189Z"}
{"log_file": "C:\\Users\\thund\\AppData\\Roaming\\AnimeWatcherPlus\\logs\\core.log", "event": "logging_configured", "level": "info", "timestamp": "2026-08-02T13:00:20.638113Z"}
{"count": 14, "total_identified": 415, "ignore_staleness": false, "event": "metadata_rescan_enqueued", "level": "info", "timestamp": "2026-08-02T13:00:26.311237Z"}
{"data_dir": "C:\\Users\\thund\\AppData\\Roaming\\AnimeWatcherPlus", "event": "core_started", "level": "info", "timestamp": "2026-08-02T13:00:26.315272Z"}
{"event_name": "anime.identified", "data": {"anime_id": 4, "anidb_id": 19575, "score": null}, "event": "event_published", "level": "info", "timestamp": "2026-08-02T13:01:38.657422Z"}
{"event_name": "anime.identified", "data": {"anime_id": 12, "anidb_id": 18007, "score": null}, "event": "event_published", "level": "info", "timestamp": "2026-08-02T13:01:38.747750Z"}
{"event_name": "anime.identified", "data": {"anime_id": 115, "anidb_id": 18896, "score": null}, "event": "event_published", "level": "info", "timestamp": "2026-08-02T13:01:38.836635Z"}
{"event_name": "anime.identified", "data": {"anime_id": 127, "anidb_id": 19489, "score": null}, "event": "event_published", "level": "info", "timestamp": "2026-08-02T13:01:38.930788Z"}
{"event_name": "anime.identified", "data": {"anime_id": 195, "anidb_id": 19330, "score": null}, "event": "event_published", "level": "info", "timestamp": "2026-08-02T13:01:39.021966Z"}
{"event_name": "anime.identified", "data": {"anime_id": 202, "anidb_id": 19612, "score": null}, "event": "event_published", "level": "info", "timestamp": "2026-08-02T13:01:39.092799Z"}
{"event_name": "anime.identified", "data": {"anime_id": 235, "anidb_id": 19140, "score": null}, "event": "event_published", "level": "info", "timestamp": "2026-08-02T13:01:39.175291Z"}
{"event_name": "anime.identified", "data": {"anime_id": 276, "anidb_id": 11892, "score": null}, "event": "event_published", "level": "info", "timestamp": "2026-08-02T13:01:39.295322Z"}
{"event_name": "anime.identified", "data": {"anime_id": 286, "anidb_id": 15249, "score": null}, "event": "event_published", "level": "info", "timestamp": "2026-08-02T13:01:39.447331Z"}
{"event_name": "anime.identified", "data": {"anime_id": 315, "anidb_id": 17847, "score": null}, "event": "event_published", "level": "info", "timestamp": "2026-08-02T13:01:39.538589Z"}
{"event_name": "anime.identified", "data": {"anime_id": 321, "anidb_id": 19704, "score": null}, "event": "event_published", "level": "info", "timestamp": "2026-08-02T13:01:39.667216Z"}
{"event_name": "anime.identified", "data": {"anime_id": 323, "anidb_id": 18008, "score": null}, "event": "event_published", "level": "info", "timestamp": "2026-08-02T13:01:39.767129Z"}
{"event_name": "anime.identified", "data": {"anime_id": 371, "anidb_id": 19514, "score": null}, "event": "event_published", "level": "info", "timestamp": "2026-08-02T13:01:39.885287Z"}
{"event_name": "anime.identified", "data": {"anime_id": 404, "anidb_id": 19543, "score": null}, "event": "event_published", "level": "info", "timestamp": "2026-08-02T13:01:39.977298Z"}
{"log_file": "C:\\Users\\thund\\AppData\\Roaming\\AnimeWatcherPlus\\logs\\core.log", "event": "logging_configured", "level": "info", "timestamp": "2026-08-02T13:49:13.684467Z"}
{"folder_id": 1, "path": "\\\\NIGHTMAREMOON\\media\\Hentai", "event": "folder_offline_skip_watch", "level": "warning", "timestamp": "2026-08-02T13:49:14.935627Z"}
{"folder_id": 2, "path": "\\\\NIGHTMAREMOON\\media\\Hentai-rename", "event": "folder_offline_skip_watch", "level": "warning", "timestamp": "2026-08-02T13:49:14.937764Z"}
{"folder_id": 1, "path": "\\\\NIGHTMAREMOON\\media\\Hentai", "event": "folder_offline", "level": "warning", "timestamp": "2026-08-02T13:49:14.984019Z"}
{"count": 14, "total_identified": 415, "ignore_staleness": false, "event": "metadata_rescan_enqueued", "level": "info", "timestamp": "2026-08-02T13:49:14.985546Z"}
{"data_dir": "C:\\Users\\thund\\AppData\\Roaming\\AnimeWatcherPlus", "event": "core_started", "level": "info", "timestamp": "2026-08-02T13:49:14.988147Z"}
{"folder_id": 2, "path": "\\\\NIGHTMAREMOON\\media\\Hentai-rename", "event": "folder_offline", "level": "warning", "timestamp": "2026-08-02T13:49:14.992823Z"}
{"anime_id": 4, "event": "aniinfo_write_failed", "level": "error", "timestamp": "2026-08-02T13:49:15.085787Z", "exception": "Traceback (most recent call last):\n  File \"C:\\Python312\\Lib\\pathlib.py\", line 1311, in mkdir\n    os.mkdir(self, mode)\nFileNotFoundError: [WinError 53] Der Netzwerkpfad wurde nicht gefunden: '\\\\\\\\NIGHTMAREMOON\\\\media\\\\Hentai\\\\Mesu o Karu Mura'\n\nDuring handling of the above exception, another exception occurred:\n\nTraceback (most recent call last):\n  File \"C:\\Python312\\Lib\\pathlib.py\", line 1311, in mkdir\n    os.mkdir(self, mode)\nFileNotFoundError: [WinError 53] Der Netzwerkpfad wurde nicht gefunden: '\\\\\\\\NIGHTMAREMOON\\\\media\\\\Hentai'\n\nDuring handling of the above exception, another exception occurred:\n\nTraceback (most recent call last):\n  File \"I:\\git\\AnimeWatcherPlus\\AnimeWatcherPlus\\core\\app\\services\\identification.py\", line 349, in _write_artwork_and_aniinfo\n    artwork.write_aniinfo_json(\n  File \"I:\\git\\AnimeWatcherPlus\\AnimeWatcherPlus\\core\\app\\services\\artwork.py\", line 61, in write_aniinfo_json\n    anime_dir.mkdir(parents=True, exist_ok=True)\n  File \"C:\\Python312\\Lib\\pathlib.py\", line 1315, in mkdir\n    self.parent.mkdir(parents=True, exist_ok=True)\n  File \"C:\\Python312\\Lib\\pathlib.py\", line 1315, in mkdir\n    self.parent.mkdir(parents=True, exist_ok=True)\n  File \"C:\\Python312\\Lib\\pathlib.py\", line 1311, in mkdir\n    os.mkdir(self, mode)\nFileNotFoundError: [WinError 53] Der Netzwerkpfad wurde nicht gefunden: '\\\\\\\\NIGHTMAREMOON\\\\media\\\\'"}
{"job_type": "rescan", "job_id": 4, "event": "job_failed", "level": "error", "timestamp": "2026-08-02T13:49:15.093591Z", "exception": "Traceback (most recent call last):\n  File \"C:\\Python312\\Lib\\pathlib.py\", line 1311, in mkdir\n    os.mkdir(self, mode)\nFileNotFoundError: [WinError 53] Der Netzwerkpfad wurde nicht gefunden: '\\\\\\\\NIGHTMAREMOON\\\\media\\\\Hentai\\\\Mesu o Karu Mura'\n\nDuring handling of the above exception, another exception occurred:\n\nTraceback (most recent call last):\n  File \"C:\\Python312\\Lib\\pathlib.py\", line 1311, in mkdir\n    os.mkdir(self, mode)\nFileNotFoundError: [WinError 53] Der Netzwerkpfad wurde nicht gefunden: '\\\\\\\\NIGHTMAREMOON\\\\media\\\\Hentai'\n\nDuring handling of the above exception, another exception occurred:\n\nTraceback (most recent call last):\n  File \"I:\\git\\AnimeWatcherPlus\\AnimeWatcherPlus\\core\\app\\services\\jobs.py\", line 89, in _worker\n    await job.coro_factory()\n  File \"I:\\git\\AnimeWatcherPlus\\AnimeWatcherPlus\\core\\app\\services\\scanner.py\", line 412, in _run_rescan\n    await identification.manual_identify(\n  File \"I:\\git\\AnimeWatcherPlus\\AnimeWatcherPlus\\core\\app\\services\\identification.py\", line 127, in manual_identify\n    return await _finalize_identification(\n           ^^^^^^^^^^^^^^^^^^^^^^^^^^^^^^^\n  File \"I:\\git\\AnimeWatcherPlus\\AnimeWatcherPlus\\core\\app\\services\\identification.py\", line 261, in _finalize_identification\n    nfo.write_tvshow_nfo(\n  File \"I:\\git\\AnimeWatcherPlus\\AnimeWatcherPlus\\core\\app\\services\\nfo.py\", line 83, in write_tvshow_nfo\n    anime_dir.mkdir(parents=True, exist_ok=True)\n  File \"C:\\Python312\\Lib\\pathlib.py\", line 1315, in mkdir\n    self.parent.mkdir(parents=True, exist_ok=True)\n  File \"C:\\Python312\\Lib\\pathlib.py\", line 1315, in mkdir\n    self.parent.mkdir(parents=True, exist_ok=True)\n  File \"C:\\Python312\\Lib\\pathlib.py\", line 1311, in mkdir\n    os.mkdir(self, mode)\nFileNotFoundError: [WinError 53] Der Netzwerkpfad wurde nicht gefunden: '\\\\\\\\NIGHTMAREMOON\\\\media\\\\'"}
{"anime_id": 12, "event": "aniinfo_write_failed", "level": "error", "timestamp": "2026-08-02T13:49:15.161664Z", "exception": "Traceback (most recent call last):\n  File \"C:\\Python312\\Lib\\pathlib.py\", line 1311, in mkdir\n    os.mkdir(self, mode)\nFileNotFoundError: [WinError 53] Der Netzwerkpfad wurde nicht gefunden: '\\\\\\\\NIGHTMAREMOON\\\\media\\\\Hentai\\\\So low'\n\nDuring handling of the above exception, another exception occurred:\n\nTraceback (most recent call last):\n  File \"C:\\Python312\\Lib\\pathlib.py\", line 1311, in mkdir\n    os.mkdir(self, mode)\nFileNotFoundError: [WinError 53] Der Netzwerkpfad wurde nicht gefunden: '\\\\\\\\NIGHTMAREMOON\\\\media\\\\Hentai'\n\nDuring handling of the above exception, another exception occurred:\n\nTraceback (most recent call last):\n  File \"I:\\git\\AnimeWatcherPlus\\AnimeWatcherPlus\\core\\app\\services\\identification.py\", line 349, in _write_artwork_and_aniinfo\n    artwork.write_aniinfo_json(\n  File \"I:\\git\\AnimeWatcherPlus\\AnimeWatcherPlus\\core\\app\\services\\artwork.py\", line 61, in write_aniinfo_json\n    anime_dir.mkdir(parents=True, exist_ok=True)\n  File \"C:\\Python312\\Lib\\pathlib.py\", line 1315, in mkdir\n    self.parent.mkdir(parents=True, exist_ok=True)\n  File \"C:\\Python312\\Lib\\pathlib.py\", line 1315, in mkdir\n    self.parent.mkdir(parents=True, exist_ok=True)\n  File \"C:\\Python312\\Lib\\pathlib.py\", line 1311, in mkdir\n    os.mkdir(self, mode)\nFileNotFoundError: [WinError 53] Der Netzwerkpfad wurde nicht gefunden: '\\\\\\\\NIGHTMAREMOON\\\\media\\\\'"}
{"job_type": "rescan", "job_id": 5, "event": "job_failed", "level": "error", "timestamp": "2026-08-02T13:49:15.164202Z", "exception": "Traceback (most recent call last):\n  File \"C:\\Python312\\Lib\\pathlib.py\", line 1311, in mkdir\n    os.mkdir(self, mode)\nFileNotFoundError: [WinError 53] Der Netzwerkpfad wurde nicht gefunden: '\\\\\\\\NIGHTMAREMOON\\\\media\\\\Hentai\\\\So low'\n\nDuring handling of the above exception, another exception occurred:\n\nTraceback (most recent call last):\n  File \"C:\\Python312\\Lib\\pathlib.py\", line 1311, in mkdir\n    os.mkdir(self, mode)\nFileNotFoundError: [WinError 53] Der Netzwerkpfad wurde nicht gefunden: '\\\\\\\\NIGHTMAREMOON\\\\media\\\\Hentai'\n\nDuring handling of the above exception, another exception occurred:\n\nTraceback (most recent call last):\n  File \"I:\\git\\AnimeWatcherPlus\\AnimeWatcherPlus\\core\\app\\services\\jobs.py\", line 89, in _worker\n    await job.coro_factory()\n  File \"I:\\git\\AnimeWatcherPlus\\AnimeWatcherPlus\\core\\app\\services\\scanner.py\", line 412, in _run_rescan\n    await identification.manual_identify(\n  File \"I:\\git\\AnimeWatcherPlus\\AnimeWatcherPlus\\core\\app\\services\\identification.py\", line 127, in manual_identify\n    return await _finalize_identification(\n           ^^^^^^^^^^^^^^^^^^^^^^^^^^^^^^^\n  File \"I:\\git\\AnimeWatcherPlus\\AnimeWatcherPlus\\core\\app\\services\\identification.py\", line 261, in _finalize_identification\n    nfo.write_tvshow_nfo(\n  File \"I:\\git\\AnimeWatcherPlus\\AnimeWatcherPlus\\core\\app\\services\\nfo.py\", line 83, in write_tvshow_nfo\n    anime_dir.mkdir(parents=True, exist_ok=True)\n  File \"C:\\Python312\\Lib\\pathlib.py\", line 1315, in mkdir\n    self.parent.mkdir(parents=True, exist_ok=True)\n  File \"C:\\Python312\\Lib\\pathlib.py\", line 1315, in mkdir\n    self.parent.mkdir(parents=True, exist_ok=True)\n  File \"C:\\Python312\\Lib\\pathlib.py\", line 1311, in mkdir\n    os.mkdir(self, mode)\nFileNotFoundError: [WinError 53] Der Netzwerkpfad wurde nicht gefunden: '\\\\\\\\NIGHTMAREMOON\\\\media\\\\'"}
{"anime_id": 115, "event": "aniinfo_write_failed", "level": "error", "timestamp": "2026-08-02T13:49:15.226370Z", "exception": "Traceback (most recent call last):\n  File \"C:\\Python312\\Lib\\pathlib.py\", line 1311, in mkdir\n    os.mkdir(self, mode)\nFileNotFoundError: [WinError 53] Der Netzwerkpfad wurde nicht gefunden: '\\\\\\\\NIGHTMAREMOON\\\\media\\\\Hentai\\\\Iribitari Gal ni Manko Tsukawasete Morau Hanashi'\n\nDuring handling of the above exception, another exception occurred:\n\nTraceback (most recent call last):\n  File \"C:\\Python312\\Lib\\pathlib.py\", line 1311, in mkdir\n    os.mkdir(self, mode)\nFileNotFoundError: [WinError 53] Der Netzwerkpfad wurde nicht gefunden: '\\\\\\\\NIGHTMAREMOON\\\\media\\\\Hentai'\n\nDuring handling of the above exception, another exception occurred:\n\nTraceback (most recent call last):\n  File \"I:\\git\\AnimeWatcherPlus\\AnimeWatcherPlus\\core\\app\\services\\identification.py\", line 349, in _write_artwork_and_aniinfo\n    artwork.write_aniinfo_json(\n  File \"I:\\git\\AnimeWatcherPlus\\AnimeWatcherPlus\\core\\app\\services\\artwork.py\", line 61, in write_aniinfo_json\n    anime_dir.mkdir(parents=True, exist_ok=True)\n  File \"C:\\Python312\\Lib\\pathlib.py\", line 1315, in mkdir\n    self.parent.mkdir(parents=True, exist_ok=True)\n  File \"C:\\Python312\\Lib\\pathlib.py\", line 1315, in mkdir\n    self.parent.mkdir(parents=True, exist_ok=True)\n  File \"C:\\Python312\\Lib\\pathlib.py\", line 1311, in mkdir\n    os.mkdir(self, mode)\nFileNotFoundError: [WinError 53] Der Netzwerkpfad wurde nicht gefunden: '\\\\\\\\NIGHTMAREMOON\\\\media\\\\'"}
{"job_type": "rescan", "job_id": 6, "event": "job_failed", "level": "error", "timestamp": "2026-08-02T13:49:15.229596Z", "exception": "Traceback (most recent call last):\n  File \"C:\\Python312\\Lib\\pathlib.py\", line 1311, in mkdir\n    os.mkdir(self, mode)\nFileNotFoundError: [WinError 53] Der Netzwerkpfad wurde nicht gefunden: '\\\\\\\\NIGHTMAREMOON\\\\media\\\\Hentai\\\\Iribitari Gal ni Manko Tsukawasete Morau Hanashi'\n\nDuring handling of the above exception, another exception occurred:\n\nTraceback (most recent call last):\n  File \"C:\\Python312\\Lib\\pathlib.py\", line 1311, in mkdir\n    os.mkdir(self, mode)\nFileNotFoundError: [WinError 53] Der Netzwerkpfad wurde nicht gefunden: '\\\\\\\\NIGHTMAREMOON\\\\media\\\\Hentai'\n\nDuring handling of the above exception, another exception occurred:\n\nTraceback (most recent call last):\n  File \"I:\\git\\AnimeWatcherPlus\\AnimeWatcherPlus\\core\\app\\services\\jobs.py\", line 89, in _worker\n    await job.coro_factory()\n  File \"I:\\git\\AnimeWatcherPlus\\AnimeWatcherPlus\\core\\app\\services\\scanner.py\", line 412, in _run_rescan\n    await identification.manual_identify(\n  File \"I:\\git\\AnimeWatcherPlus\\AnimeWatcherPlus\\core\\app\\services\\identification.py\", line 127, in manual_identify\n    return await _finalize_identification(\n           ^^^^^^^^^^^^^^^^^^^^^^^^^^^^^^^\n  File \"I:\\git\\AnimeWatcherPlus\\AnimeWatcherPlus\\core\\app\\services\\identification.py\", line 261, in _finalize_identification\n    nfo.write_tvshow_nfo(\n  File \"I:\\git\\AnimeWatcherPlus\\AnimeWatcherPlus\\core\\app\\services\\nfo.py\", line 83, in write_tvshow_nfo\n    anime_dir.mkdir(parents=True, exist_ok=True)\n  File \"C:\\Python312\\Lib\\pathlib.py\", line 1315, in mkdir\n    self.parent.mkdir(parents=True, exist_ok=True)\n  File \"C:\\Python312\\Lib\\pathlib.py\", line 1315, in mkdir\n    self.parent.mkdir(parents=True, exist_ok=True)\n  File \"C:\\Python312\\Lib\\pathlib.py\", line 1311, in mkdir\n    os.mkdir(self, mode)\nFileNotFoundError: [WinError 53] Der Netzwerkpfad wurde nicht gefunden: '\\\\\\\\NIGHTMAREMOON\\\\media\\\\'"}
{"anime_id": 127, "event": "aniinfo_write_failed", "level": "error", "timestamp": "2026-08-02T13:49:15.304372Z", "exception": "Traceback (most recent call last):\n  File \"C:\\Python312\\Lib\\pathlib.py\", line 1311, in mkdir\n    os.mkdir(self, mode)\nFileNotFoundError: [WinError 53] Der Netzwerkpfad wurde nicht gefunden: '\\\\\\\\NIGHTMAREMOON\\\\media\\\\Hentai\\\\Choro Mesu Days'\n\nDuring handling of the above exception, another exception occurred:\n\nTraceback (most recent call last):\n  File \"C:\\Python312\\Lib\\pathlib.py\", line 1311, in mkdir\n    os.mkdir(self, mode)\nFileNotFoundError: [WinError 53] Der Netzwerkpfad wurde nicht gefunden: '\\\\\\\\NIGHTMAREMOON\\\\media\\\\Hentai'\n\nDuring handling of the above exception, another exception occurred:\n\nTraceback (most recent call last):\n  File \"I:\\git\\AnimeWatcherPlus\\AnimeWatcherPlus\\core\\app\\services\\identification.py\", line 349, in _write_artwork_and_aniinfo\n    artwork.write_aniinfo_json(\n  File \"I:\\git\\AnimeWatcherPlus\\AnimeWatcherPlus\\core\\app\\services\\artwork.py\", line 61, in write_aniinfo_json\n    anime_dir.mkdir(parents=True, exist_ok=True)\n  File \"C:\\Python312\\Lib\\pathlib.py\", line 1315, in mkdir\n    self.parent.mkdir(parents=True, exist_ok=True)\n  File \"C:\\Python312\\Lib\\pathlib.py\", line 1315, in mkdir\n    self.parent.mkdir(parents=True, exist_ok=True)\n  File \"C:\\Python312\\Lib\\pathlib.py\", line 1311, in mkdir\n    os.mkdir(self, mode)\nFileNotFoundError: [WinError 53] Der Netzwerkpfad wurde nicht gefunden: '\\\\\\\\NIGHTMAREMOON\\\\media\\\\'"}
{"job_type": "rescan", "job_id": 7, "event": "job_failed", "level": "error", "timestamp": "2026-08-02T13:49:15.306890Z", "exception": "Traceback (most recent call last):\n  File \"C:\\Python312\\Lib\\pathlib.py\", line 1311, in mkdir\n    os.mkdir(self, mode)\nFileNotFoundError: [WinError 53] Der Netzwerkpfad wurde nicht gefunden: '\\\\\\\\NIGHTMAREMOON\\\\media\\\\Hentai\\\\Choro Mesu Days'\n\nDuring handling of the above exception, another exception occurred:\n\nTraceback (most recent call last):\n  File \"C:\\Python312\\Lib\\pathlib.py\", line 1311, in mkdir\n    os.mkdir(self, mode)\nFileNotFoundError: [WinError 53] Der Netzwerkpfad wurde nicht gefunden: '\\\\\\\\NIGHTMAREMOON\\\\media\\\\Hentai'\n\nDuring handling of the above exception, another exception occurred:\n\nTraceback (most recent call last):\n  File \"I:\\git\\AnimeWatcherPlus\\AnimeWatcherPlus\\core\\app\\services\\jobs.py\", line 89, in _worker\n    await job.coro_factory()\n  File \"I:\\git\\AnimeWatcherPlus\\AnimeWatcherPlus\\core\\app\\services\\scanner.py\", line 412, in _run_rescan\n    await identification.manual_identify(\n  File \"I:\\git\\AnimeWatcherPlus\\AnimeWatcherPlus\\core\\app\\services\\identification.py\", line 127, in manual_identify\n    return await _finalize_identification(\n           ^^^^^^^^^^^^^^^^^^^^^^^^^^^^^^^\n  File \"I:\\git\\AnimeWatcherPlus\\AnimeWatcherPlus\\core\\app\\services\\identification.py\", line 261, in _finalize_identification\n    nfo.write_tvshow_nfo(\n  File \"I:\\git\\AnimeWatcherPlus\\AnimeWatcherPlus\\core\\app\\services\\nfo.py\", line 83, in write_tvshow_nfo\n    anime_dir.mkdir(parents=True, exist_ok=True)\n  File \"C:\\Python312\\Lib\\pathlib.py\", line 1315, in mkdir\n    self.parent.mkdir(parents=True, exist_ok=True)\n  File \"C:\\Python312\\Lib\\pathlib.py\", line 1315, in mkdir\n    self.parent.mkdir(parents=True, exist_ok=True)\n  File \"C:\\Python312\\Lib\\pathlib.py\", line 1311, in mkdir\n    os.mkdir(self, mode)\nFileNotFoundError: [WinError 53] Der Netzwerkpfad wurde nicht gefunden: '\\\\\\\\NIGHTMAREMOON\\\\media\\\\'"}
{"anime_id": 195, "event": "aniinfo_write_failed", "level": "error", "timestamp": "2026-08-02T13:49:15.377882Z", "exception": "Traceback (most recent call last):\n  File \"C:\\Python312\\Lib\\pathlib.py\", line 1311, in mkdir\n    os.mkdir(self, mode)\nFileNotFoundError: [WinError 53] Der Netzwerkpfad wurde nicht gefunden: '\\\\\\\\NIGHTMAREMOON\\\\media\\\\Hentai\\\\Does it Count if You Lose Your Innocence to an Android\\uf025'\n\nDuring handling of the above exception, another exception occurred:\n\nTraceback (most recent call last):\n  File \"C:\\Python312\\Lib\\pathlib.py\", line 1311, in mkdir\n    os.mkdir(self, mode)\nFileNotFoundError: [WinError 53] Der Netzwerkpfad wurde nicht gefunden: '\\\\\\\\NIGHTMAREMOON\\\\media\\\\Hentai'\n\nDuring handling of the above exception, another exception occurred:\n\nTraceback (most recent call last):\n  File \"I:\\git\\AnimeWatcherPlus\\AnimeWatcherPlus\\core\\app\\services\\identification.py\", line 349, in _write_artwork_and_aniinfo\n    artwork.write_aniinfo_json(\n  File \"I:\\git\\AnimeWatcherPlus\\AnimeWatcherPlus\\core\\app\\services\\artwork.py\", line 61, in write_aniinfo_json\n    anime_dir.mkdir(parents=True, exist_ok=True)\n  File \"C:\\Python312\\Lib\\pathlib.py\", line 1315, in mkdir\n    self.parent.mkdir(parents=True, exist_ok=True)\n  File \"C:\\Python312\\Lib\\pathlib.py\", line 1315, in mkdir\n    self.parent.mkdir(parents=True, exist_ok=True)\n  File \"C:\\Python312\\Lib\\pathlib.py\", line 1311, in mkdir\n    os.mkdir(self, mode)\nFileNotFoundError: [WinError 53] Der Netzwerkpfad wurde nicht gefunden: '\\\\\\\\NIGHTMAREMOON\\\\media\\\\'"}
{"job_type": "rescan", "job_id": 8, "event": "job_failed", "level": "error", "timestamp": "2026-08-02T13:49:15.380941Z", "exception": "Traceback (most recent call last):\n  File \"C:\\Python312\\Lib\\pathlib.py\", line 1311, in mkdir\n    os.mkdir(self, mode)\nFileNotFoundError: [WinError 53] Der Netzwerkpfad wurde nicht gefunden: '\\\\\\\\NIGHTMAREMOON\\\\media\\\\Hentai\\\\Does it Count if You Lose Your Innocence to an Android\\uf025'\n\nDuring handling of the above exception, another exception occurred:\n\nTraceback (most recent call last):\n  File \"C:\\Python312\\Lib\\pathlib.py\", line 1311, in mkdir\n    os.mkdir(self, mode)\nFileNotFoundError: [WinError 53] Der Netzwerkpfad wurde nicht gefunden: '\\\\\\\\NIGHTMAREMOON\\\\media\\\\Hentai'\n\nDuring handling of the above exception, another exception occurred:\n\nTraceback (most recent call last):\n  File \"I:\\git\\AnimeWatcherPlus\\AnimeWatcherPlus\\core\\app\\services\\jobs.py\", line 89, in _worker\n    await job.coro_factory()\n  File \"I:\\git\\AnimeWatcherPlus\\AnimeWatcherPlus\\core\\app\\services\\scanner.py\", line 412, in _run_rescan\n    await identification.manual_identify(\n  File \"I:\\git\\AnimeWatcherPlus\\AnimeWatcherPlus\\core\\app\\services\\identification.py\", line 127, in manual_identify\n    return await _finalize_identification(\n           ^^^^^^^^^^^^^^^^^^^^^^^^^^^^^^^\n  File \"I:\\git\\AnimeWatcherPlus\\AnimeWatcherPlus\\core\\app\\services\\identification.py\", line 261, in _finalize_identification\n    nfo.write_tvshow_nfo(\n  File \"I:\\git\\AnimeWatcherPlus\\AnimeWatcherPlus\\core\\app\\services\\nfo.py\", line 83, in write_tvshow_nfo\n    anime_dir.mkdir(parents=True, exist_ok=True)\n  File \"C:\\Python312\\Lib\\pathlib.py\", line 1315, in mkdir\n    self.parent.mkdir(parents=True, exist_ok=True)\n  File \"C:\\Python312\\Lib\\pathlib.py\", line 1315, in mkdir\n    self.parent.mkdir(parents=True, exist_ok=True)\n  File \"C:\\Python312\\Lib\\pathlib.py\", line 1311, in mkdir\n    os.mkdir(self, mode)\nFileNotFoundError: [WinError 53] Der Netzwerkpfad wurde nicht gefunden: '\\\\\\\\NIGHTMAREMOON\\\\media\\\\'"}
{"anime_id": 202, "event": "aniinfo_write_failed", "level": "error", "timestamp": "2026-08-02T13:49:15.426887Z", "exception": "Traceback (most recent call last):\n  File \"C:\\Python312\\Lib\\pathlib.py\", line 1311, in mkdir\n    os.mkdir(self, mode)\nFileNotFoundError: [WinError 53] Der Netzwerkpfad wurde nicht gefunden: '\\\\\\\\NIGHTMAREMOON\\\\media\\\\Hentai\\\\Seihou Shouka Saint Lime (19612)'\n\nDuring handling of the above exception, another exception occurred:\n\nTraceback (most recent call last):\n  File \"C:\\Python312\\Lib\\pathlib.py\", line 1311, in mkdir\n    os.mkdir(self, mode)\nFileNotFoundError: [WinError 53] Der Netzwerkpfad wurde nicht gefunden: '\\\\\\\\NIGHTMAREMOON\\\\media\\\\Hentai'\n\nDuring handling of the above exception, another exception occurred:\n\nTraceback (most recent call last):\n  File \"I:\\git\\AnimeWatcherPlus\\AnimeWatcherPlus\\core\\app\\services\\identification.py\", line 349, in _write_artwork_and_aniinfo\n    artwork.write_aniinfo_json(\n  File \"I:\\git\\AnimeWatcherPlus\\AnimeWatcherPlus\\core\\app\\services\\artwork.py\", line 61, in write_aniinfo_json\n    anime_dir.mkdir(parents=True, exist_ok=True)\n  File \"C:\\Python312\\Lib\\pathlib.py\", line 1315, in mkdir\n    self.parent.mkdir(parents=True, exist_ok=True)\n  File \"C:\\Python312\\Lib\\pathlib.py\", line 1315, in mkdir\n    self.parent.mkdir(parents=True, exist_ok=True)\n  File \"C:\\Python312\\Lib\\pathlib.py\", line 1311, in mkdir\n    os.mkdir(self, mode)\nFileNotFoundError: [WinError 53] Der Netzwerkpfad wurde nicht gefunden: '\\\\\\\\NIGHTMAREMOON\\\\media\\\\'"}
{"job_type": "rescan", "job_id": 9, "event": "job_failed", "level": "error", "timestamp": "2026-08-02T13:49:15.430014Z", "exception": "Traceback (most recent call last):\n  File \"C:\\Python312\\Lib\\pathlib.py\", line 1311, in mkdir\n    os.mkdir(self, mode)\nFileNotFoundError: [WinError 53] Der Netzwerkpfad wurde nicht gefunden: '\\\\\\\\NIGHTMAREMOON\\\\media\\\\Hentai\\\\Seihou Shouka Saint Lime (19612)'\n\nDuring handling of the above exception, another exception occurred:\n\nTraceback (most recent call last):\n  File \"C:\\Python312\\Lib\\pathlib.py\", line 1311, in mkdir\n    os.mkdir(self, mode)\nFileNotFoundError: [WinError 53] Der Netzwerkpfad wurde nicht gefunden: '\\\\\\\\NIGHTMAREMOON\\\\media\\\\Hentai'\n\nDuring handling of the above exception, another exception occurred:\n\nTraceback (most recent call last):\n  File \"I:\\git\\AnimeWatcherPlus\\AnimeWatcherPlus\\core\\app\\services\\jobs.py\", line 89, in _worker\n    await job.coro_factory()\n  File \"I:\\git\\AnimeWatcherPlus\\AnimeWatcherPlus\\core\\app\\services\\scanner.py\", line 412, in _run_rescan\n    await identification.manual_identify(\n  File \"I:\\git\\AnimeWatcherPlus\\AnimeWatcherPlus\\core\\app\\services\\identification.py\", line 127, in manual_identify\n    return await _finalize_identification(\n           ^^^^^^^^^^^^^^^^^^^^^^^^^^^^^^^\n  File \"I:\\git\\AnimeWatcherPlus\\AnimeWatcherPlus\\core\\app\\services\\identification.py\", line 261, in _finalize_identification\n    nfo.write_tvshow_nfo(\n  File \"I:\\git\\AnimeWatcherPlus\\AnimeWatcherPlus\\core\\app\\services\\nfo.py\", line 83, in write_tvshow_nfo\n    anime_dir.mkdir(parents=True, exist_ok=True)\n  File \"C:\\Python312\\Lib\\pathlib.py\", line 1315, in mkdir\n    self.parent.mkdir(parents=True, exist_ok=True)\n  File \"C:\\Python312\\Lib\\pathlib.py\", line 1315, in mkdir\n    self.parent.mkdir(parents=True, exist_ok=True)\n  File \"C:\\Python312\\Lib\\pathlib.py\", line 1311, in mkdir\n    os.mkdir(self, mode)\nFileNotFoundError: [WinError 53] Der Netzwerkpfad wurde nicht gefunden: '\\\\\\\\NIGHTMAREMOON\\\\media\\\\'"}
{"anime_id": 235, "event": "aniinfo_write_failed", "level": "error", "timestamp": "2026-08-02T13:49:15.490013Z", "exception": "Traceback (most recent call last):\n  File \"C:\\Python312\\Lib\\pathlib.py\", line 1311, in mkdir\n    os.mkdir(self, mode)\nFileNotFoundError: [WinError 53] Der Netzwerkpfad wurde nicht gefunden: '\\\\\\\\NIGHTMAREMOON\\\\media\\\\Hentai\\\\Boku no Risou no Isekai Seikatsu (19140)'\n\nDuring handling of the above exception, another exception occurred:\n\nTraceback (most recent call last):\n  File \"C:\\Python312\\Lib\\pathlib.py\", line 1311, in mkdir\n    os.mkdir(self, mode)\nFileNotFoundError: [WinError 53] Der Netzwerkpfad wurde nicht gefunden: '\\\\\\\\NIGHTMAREMOON\\\\media\\\\Hentai'\n\nDuring handling of the above exception, another exception occurred:\n\nTraceback (most recent call last):\n  File \"I:\\git\\AnimeWatcherPlus\\AnimeWatcherPlus\\core\\app\\services\\identification.py\", line 349, in _write_artwork_and_aniinfo\n    artwork.write_aniinfo_json(\n  File \"I:\\git\\AnimeWatcherPlus\\AnimeWatcherPlus\\core\\app\\services\\artwork.py\", line 61, in write_aniinfo_json\n    anime_dir.mkdir(parents=True, exist_ok=True)\n  File \"C:\\Python312\\Lib\\pathlib.py\", line 1315, in mkdir\n    self.parent.mkdir(parents=True, exist_ok=True)\n  File \"C:\\Python312\\Lib\\pathlib.py\", line 1315, in mkdir\n    self.parent.mkdir(parents=True, exist_ok=True)\n  File \"C:\\Python312\\Lib\\pathlib.py\", line 1311, in mkdir\n    os.mkdir(self, mode)\nFileNotFoundError: [WinError 53] Der Netzwerkpfad wurde nicht gefunden: '\\\\\\\\NIGHTMAREMOON\\\\media\\\\'"}
{"job_type": "rescan", "job_id": 10, "event": "job_failed", "level": "error", "timestamp": "2026-08-02T13:49:15.493168Z", "exception": "Traceback (most recent call last):\n  File \"C:\\Python312\\Lib\\pathlib.py\", line 1311, in mkdir\n    os.mkdir(self, mode)\nFileNotFoundError: [WinError 53] Der Netzwerkpfad wurde nicht gefunden: '\\\\\\\\NIGHTMAREMOON\\\\media\\\\Hentai\\\\Boku no Risou no Isekai Seikatsu (19140)'\n\nDuring handling of the above exception, another exception occurred:\n\nTraceback (most recent call last):\n  File \"C:\\Python312\\Lib\\pathlib.py\", line 1311, in mkdir\n    os.mkdir(self, mode)\nFileNotFoundError: [WinError 53] Der Netzwerkpfad wurde nicht gefunden: '\\\\\\\\NIGHTMAREMOON\\\\media\\\\Hentai'\n\nDuring handling of the above exception, another exception occurred:\n\nTraceback (most recent call last):\n  File \"I:\\git\\AnimeWatcherPlus\\AnimeWatcherPlus\\core\\app\\services\\jobs.py\", line 89, in _worker\n    await job.coro_factory()\n  File \"I:\\git\\AnimeWatcherPlus\\AnimeWatcherPlus\\core\\app\\services\\scanner.py\", line 412, in _run_rescan\n    await identification.manual_identify(\n  File \"I:\\git\\AnimeWatcherPlus\\AnimeWatcherPlus\\core\\app\\services\\identification.py\", line 127, in manual_identify\n    return await _finalize_identification(\n           ^^^^^^^^^^^^^^^^^^^^^^^^^^^^^^^\n  File \"I:\\git\\AnimeWatcherPlus\\AnimeWatcherPlus\\core\\app\\services\\identification.py\", line 261, in _finalize_identification\n    nfo.write_tvshow_nfo(\n  File \"I:\\git\\AnimeWatcherPlus\\AnimeWatcherPlus\\core\\app\\services\\nfo.py\", line 83, in write_tvshow_nfo\n    anime_dir.mkdir(parents=True, exist_ok=True)\n  File \"C:\\Python312\\Lib\\pathlib.py\", line 1315, in mkdir\n    self.parent.mkdir(parents=True, exist_ok=True)\n  File \"C:\\Python312\\Lib\\pathlib.py\", line 1315, in mkdir\n    self.parent.mkdir(parents=True, exist_ok=True)\n  File \"C:\\Python312\\Lib\\pathlib.py\", line 1311, in mkdir\n    os.mkdir(self, mode)\nFileNotFoundError: [WinError 53] Der Netzwerkpfad wurde nicht gefunden: '\\\\\\\\NIGHTMAREMOON\\\\media\\\\'"}
{"anime_id": 276, "event": "aniinfo_write_failed", "level": "error", "timestamp": "2026-08-02T13:49:15.631140Z", "exception": "Traceback (most recent call last):\n  File \"C:\\Python312\\Lib\\pathlib.py\", line 1311, in mkdir\n    os.mkdir(self, mode)\nFileNotFoundError: [WinError 53] Der Netzwerkpfad wurde nicht gefunden: '\\\\\\\\NIGHTMAREMOON\\\\media\\\\Hentai\\\\Shoujo Ramune'\n\nDuring handling of the above exception, another exception occurred:\n\nTraceback (most recent call last):\n  File \"C:\\Python312\\Lib\\pathlib.py\", line 1311, in mkdir\n    os.mkdir(self, mode)\nFileNotFoundError: [WinError 53] Der Netzwerkpfad wurde nicht gefunden: '\\\\\\\\NIGHTMAREMOON\\\\media\\\\Hentai'\n\nDuring handling of the above exception, another exception occurred:\n\nTraceback (most recent call last):\n  File \"I:\\git\\AnimeWatcherPlus\\AnimeWatcherPlus\\core\\app\\services\\identification.py\", line 349, in _write_artwork_and_aniinfo\n    artwork.write_aniinfo_json(\n  File \"I:\\git\\AnimeWatcherPlus\\AnimeWatcherPlus\\core\\app\\services\\artwork.py\", line 61, in write_aniinfo_json\n    anime_dir.mkdir(parents=True, exist_ok=True)\n  File \"C:\\Python312\\Lib\\pathlib.py\", line 1315, in mkdir\n    self.parent.mkdir(parents=True, exist_ok=True)\n  File \"C:\\Python312\\Lib\\pathlib.py\", line 1315, in mkdir\n    self.parent.mkdir(parents=True, exist_ok=True)\n  File \"C:\\Python312\\Lib\\pathlib.py\", line 1311, in mkdir\n    os.mkdir(self, mode)\nFileNotFoundError: [WinError 53] Der Netzwerkpfad wurde nicht gefunden: '\\\\\\\\NIGHTMAREMOON\\\\media\\\\'"}
{"job_type": "rescan", "job_id": 11, "event": "job_failed", "level": "error", "timestamp": "2026-08-02T13:49:15.634276Z", "exception": "Traceback (most recent call last):\n  File \"C:\\Python312\\Lib\\pathlib.py\", line 1311, in mkdir\n    os.mkdir(self, mode)\nFileNotFoundError: [WinError 53] Der Netzwerkpfad wurde nicht gefunden: '\\\\\\\\NIGHTMAREMOON\\\\media\\\\Hentai\\\\Shoujo Ramune'\n\nDuring handling of the above exception, another exception occurred:\n\nTraceback (most recent call last):\n  File \"C:\\Python312\\Lib\\pathlib.py\", line 1311, in mkdir\n    os.mkdir(self, mode)\nFileNotFoundError: [WinError 53] Der Netzwerkpfad wurde nicht gefunden: '\\\\\\\\NIGHTMAREMOON\\\\media\\\\Hentai'\n\nDuring handling of the above exception, another exception occurred:\n\nTraceback (most recent call last):\n  File \"I:\\git\\AnimeWatcherPlus\\AnimeWatcherPlus\\core\\app\\services\\jobs.py\", line 89, in _worker\n    await job.coro_factory()\n  File \"I:\\git\\AnimeWatcherPlus\\AnimeWatcherPlus\\core\\app\\services\\scanner.py\", line 412, in _run_rescan\n    await identification.manual_identify(\n  File \"I:\\git\\AnimeWatcherPlus\\AnimeWatcherPlus\\core\\app\\services\\identification.py\", line 127, in manual_identify\n    return await _finalize_identification(\n           ^^^^^^^^^^^^^^^^^^^^^^^^^^^^^^^\n  File \"I:\\git\\AnimeWatcherPlus\\AnimeWatcherPlus\\core\\app\\services\\identification.py\", line 261, in _finalize_identification\n    nfo.write_tvshow_nfo(\n  File \"I:\\git\\AnimeWatcherPlus\\AnimeWatcherPlus\\core\\app\\services\\nfo.py\", line 83, in write_tvshow_nfo\n    anime_dir.mkdir(parents=True, exist_ok=True)\n  File \"C:\\Python312\\Lib\\pathlib.py\", line 1315, in mkdir\n    self.parent.mkdir(parents=True, exist_ok=True)\n  File \"C:\\Python312\\Lib\\pathlib.py\", line 1315, in mkdir\n    self.parent.mkdir(parents=True, exist_ok=True)\n  File \"C:\\Python312\\Lib\\pathlib.py\", line 1311, in mkdir\n    os.mkdir(self, mode)\nFileNotFoundError: [WinError 53] Der Netzwerkpfad wurde nicht gefunden: '\\\\\\\\NIGHTMAREMOON\\\\media\\\\'"}
{"anime_id": 286, "event": "aniinfo_write_failed", "level": "error", "timestamp": "2026-08-02T13:49:15.821077Z", "exception": "Traceback (most recent call last):\n  File \"C:\\Python312\\Lib\\pathlib.py\", line 1311, in mkdir\n    os.mkdir(self, mode)\nFileNotFoundError: [WinError 53] Der Netzwerkpfad wurde nicht gefunden: '\\\\\\\\NIGHTMAREMOON\\\\media\\\\Hentai\\\\Enjo Kouhai'\n\nDuring handling of the above exception, another exception occurred:\n\nTraceback (most recent call last):\n  File \"C:\\Python312\\Lib\\pathlib.py\", line 1311, in mkdir\n    os.mkdir(self, mode)\nFileNotFoundError: [WinError 53] Der Netzwerkpfad wurde nicht gefunden: '\\\\\\\\NIGHTMAREMOON\\\\media\\\\Hentai'\n\nDuring handling of the above exception, another exception occurred:\n\nTraceback (most recent call last):\n  File \"I:\\git\\AnimeWatcherPlus\\AnimeWatcherPlus\\core\\app\\services\\identification.py\", line 349, in _write_artwork_and_aniinfo\n    artwork.write_aniinfo_json(\n  File \"I:\\git\\AnimeWatcherPlus\\AnimeWatcherPlus\\core\\app\\services\\artwork.py\", line 61, in write_aniinfo_json\n    anime_dir.mkdir(parents=True, exist_ok=True)\n  File \"C:\\Python312\\Lib\\pathlib.py\", line 1315, in mkdir\n    self.parent.mkdir(parents=True, exist_ok=True)\n  File \"C:\\Python312\\Lib\\pathlib.py\", line 1315, in mkdir\n    self.parent.mkdir(parents=True, exist_ok=True)\n  File \"C:\\Python312\\Lib\\pathlib.py\", line 1311, in mkdir\n    os.mkdir(self, mode)\nFileNotFoundError: [WinError 53] Der Netzwerkpfad wurde nicht gefunden: '\\\\\\\\NIGHTMAREMOON\\\\media\\\\'"}
{"job_type": "rescan", "job_id": 12, "event": "job_failed", "level": "error", "timestamp": "2026-08-02T13:49:15.823595Z", "exception": "Traceback (most recent call last):\n  File \"C:\\Python312\\Lib\\pathlib.py\", line 1311, in mkdir\n    os.mkdir(self, mode)\nFileNotFoundError: [WinError 53] Der Netzwerkpfad wurde nicht gefunden: '\\\\\\\\NIGHTMAREMOON\\\\media\\\\Hentai\\\\Enjo Kouhai'\n\nDuring handling of the above exception, another exception occurred:\n\nTraceback (most recent call last):\n  File \"C:\\Python312\\Lib\\pathlib.py\", line 1311, in mkdir\n    os.mkdir(self, mode)\nFileNotFoundError: [WinError 53] Der Netzwerkpfad wurde nicht gefunden: '\\\\\\\\NIGHTMAREMOON\\\\media\\\\Hentai'\n\nDuring handling of the above exception, another exception occurred:\n\nTraceback (most recent call last):\n  File \"I:\\git\\AnimeWatcherPlus\\AnimeWatcherPlus\\core\\app\\services\\jobs.py\", line 89, in _worker\n    await job.coro_factory()\n  File \"I:\\git\\AnimeWatcherPlus\\AnimeWatcherPlus\\core\\app\\services\\scanner.py\", line 412, in _run_rescan\n    await identification.manual_identify(\n  File \"I:\\git\\AnimeWatcherPlus\\AnimeWatcherPlus\\core\\app\\services\\identification.py\", line 127, in manual_identify\n    return await _finalize_identification(\n           ^^^^^^^^^^^^^^^^^^^^^^^^^^^^^^^\n  File \"I:\\git\\AnimeWatcherPlus\\AnimeWatcherPlus\\core\\app\\services\\identification.py\", line 261, in _finalize_identification\n    nfo.write_tvshow_nfo(\n  File \"I:\\git\\AnimeWatcherPlus\\AnimeWatcherPlus\\core\\app\\services\\nfo.py\", line 83, in write_tvshow_nfo\n    anime_dir.mkdir(parents=True, exist_ok=True)\n  File \"C:\\Python312\\Lib\\pathlib.py\", line 1315, in mkdir\n    self.parent.mkdir(parents=True, exist_ok=True)\n  File \"C:\\Python312\\Lib\\pathlib.py\", line 1315, in mkdir\n    self.parent.mkdir(parents=True, exist_ok=True)\n  File \"C:\\Python312\\Lib\\pathlib.py\", line 1311, in mkdir\n    os.mkdir(self, mode)\nFileNotFoundError: [WinError 53] Der Netzwerkpfad wurde nicht gefunden: '\\\\\\\\NIGHTMAREMOON\\\\media\\\\'"}
{"anime_id": 315, "event": "aniinfo_write_failed", "level": "error", "timestamp": "2026-08-02T13:49:15.890122Z", "exception": "Traceback (most recent call last):\n  File \"C:\\Python312\\Lib\\pathlib.py\", line 1311, in mkdir\n    os.mkdir(self, mode)\nFileNotFoundError: [WinError 53] Der Netzwerkpfad wurde nicht gefunden: '\\\\\\\\NIGHTMAREMOON\\\\media\\\\Hentai\\\\Kokuhaku'\n\nDuring handling of the above exception, another exception occurred:\n\nTraceback (most recent call last):\n  File \"C:\\Python312\\Lib\\pathlib.py\", line 1311, in mkdir\n    os.mkdir(self, mode)\nFileNotFoundError: [WinError 53] Der Netzwerkpfad wurde nicht gefunden: '\\\\\\\\NIGHTMAREMOON\\\\media\\\\Hentai'\n\nDuring handling of the above exception, another exception occurred:\n\nTraceback (most recent call last):\n  File \"I:\\git\\AnimeWatcherPlus\\AnimeWatcherPlus\\core\\app\\services\\identification.py\", line 349, in _write_artwork_and_aniinfo\n    artwork.write_aniinfo_json(\n  File \"I:\\git\\AnimeWatcherPlus\\AnimeWatcherPlus\\core\\app\\services\\artwork.py\", line 61, in write_aniinfo_json\n    anime_dir.mkdir(parents=True, exist_ok=True)\n  File \"C:\\Python312\\Lib\\pathlib.py\", line 1315, in mkdir\n    self.parent.mkdir(parents=True, exist_ok=True)\n  File \"C:\\Python312\\Lib\\pathlib.py\", line 1315, in mkdir\n    self.parent.mkdir(parents=True, exist_ok=True)\n  File \"C:\\Python312\\Lib\\pathlib.py\", line 1311, in mkdir\n    os.mkdir(self, mode)\nFileNotFoundError: [WinError 53] Der Netzwerkpfad wurde nicht gefunden: '\\\\\\\\NIGHTMAREMOON\\\\media\\\\'"}
{"job_type": "rescan", "job_id": 13, "event": "job_failed", "level": "error", "timestamp": "2026-08-02T13:49:15.893258Z", "exception": "Traceback (most recent call last):\n  File \"C:\\Python312\\Lib\\pathlib.py\", line 1311, in mkdir\n    os.mkdir(self, mode)\nFileNotFoundError: [WinError 53] Der Netzwerkpfad wurde nicht gefunden: '\\\\\\\\NIGHTMAREMOON\\\\media\\\\Hentai\\\\Kokuhaku'\n\nDuring handling of the above exception, another exception occurred:\n\nTraceback (most recent call last):\n  File \"C:\\Python312\\Lib\\pathlib.py\", line 1311, in mkdir\n    os.mkdir(self, mode)\nFileNotFoundError: [WinError 53] Der Netzwerkpfad wurde nicht gefunden: '\\\\\\\\NIGHTMAREMOON\\\\media\\\\Hentai'\n\nDuring handling of the above exception, another exception occurred:\n\nTraceback (most recent call last):\n  File \"I:\\git\\AnimeWatcherPlus\\AnimeWatcherPlus\\core\\app\\services\\jobs.py\", line 89, in _worker\n    await job.coro_factory()\n  File \"I:\\git\\AnimeWatcherPlus\\AnimeWatcherPlus\\core\\app\\services\\scanner.py\", line 412, in _run_rescan\n    await identification.manual_identify(\n  File \"I:\\git\\AnimeWatcherPlus\\AnimeWatcherPlus\\core\\app\\services\\identification.py\", line 127, in manual_identify\n    return await _finalize_identification(\n           ^^^^^^^^^^^^^^^^^^^^^^^^^^^^^^^\n  File \"I:\\git\\AnimeWatcherPlus\\AnimeWatcherPlus\\core\\app\\services\\identification.py\", line 261, in _finalize_identification\n    nfo.write_tvshow_nfo(\n  File \"I:\\git\\AnimeWatcherPlus\\AnimeWatcherPlus\\core\\app\\services\\nfo.py\", line 83, in write_tvshow_nfo\n    anime_dir.mkdir(parents=True, exist_ok=True)\n  File \"C:\\Python312\\Lib\\pathlib.py\", line 1315, in mkdir\n    self.parent.mkdir(parents=True, exist_ok=True)\n  File \"C:\\Python312\\Lib\\pathlib.py\", line 1315, in mkdir\n    self.parent.mkdir(parents=True, exist_ok=True)\n  File \"C:\\Python312\\Lib\\pathlib.py\", line 1311, in mkdir\n    os.mkdir(self, mode)\nFileNotFoundError: [WinError 53] Der Netzwerkpfad wurde nicht gefunden: '\\\\\\\\NIGHTMAREMOON\\\\media\\\\'"}
{"anime_id": 321, "event": "aniinfo_write_failed", "level": "error", "timestamp": "2026-08-02T13:49:16.007845Z", "exception": "Traceback (most recent call last):\n  File \"C:\\Python312\\Lib\\pathlib.py\", line 1311, in mkdir\n    os.mkdir(self, mode)\nFileNotFoundError: [WinError 53] Der Netzwerkpfad wurde nicht gefunden: '\\\\\\\\NIGHTMAREMOON\\\\media\\\\Hentai\\\\OVA Kegareboshi (19704)'\n\nDuring handling of the above exception, another exception occurred:\n\nTraceback (most recent call last):\n  File \"C:\\Python312\\Lib\\pathlib.py\", line 1311, in mkdir\n    os.mkdir(self, mode)\nFileNotFoundError: [WinError 53] Der Netzwerkpfad wurde nicht gefunden: '\\\\\\\\NIGHTMAREMOON\\\\media\\\\Hentai'\n\nDuring handling of the above exception, another exception occurred:\n\nTraceback (most recent call last):\n  File \"I:\\git\\AnimeWatcherPlus\\AnimeWatcherPlus\\core\\app\\services\\identification.py\", line 349, in _write_artwork_and_aniinfo\n    artwork.write_aniinfo_json(\n  File \"I:\\git\\AnimeWatcherPlus\\AnimeWatcherPlus\\core\\app\\services\\artwork.py\", line 61, in write_aniinfo_json\n    anime_dir.mkdir(parents=True, exist_ok=True)\n  File \"C:\\Python312\\Lib\\pathlib.py\", line 1315, in mkdir\n    self.parent.mkdir(parents=True, exist_ok=True)\n  File \"C:\\Python312\\Lib\\pathlib.py\", line 1315, in mkdir\n    self.parent.mkdir(parents=True, exist_ok=True)\n  File \"C:\\Python312\\Lib\\pathlib.py\", line 1311, in mkdir\n    os.mkdir(self, mode)\nFileNotFoundError: [WinError 53] Der Netzwerkpfad wurde nicht gefunden: '\\\\\\\\NIGHTMAREMOON\\\\media\\\\'"}
{"job_type": "rescan", "job_id": 14, "event": "job_failed", "level": "error", "timestamp": "2026-08-02T13:49:16.009352Z", "exception": "Traceback (most recent call last):\n  File \"C:\\Python312\\Lib\\pathlib.py\", line 1311, in mkdir\n    os.mkdir(self, mode)\nFileNotFoundError: [WinError 53] Der Netzwerkpfad wurde nicht gefunden: '\\\\\\\\NIGHTMAREMOON\\\\media\\\\Hentai\\\\OVA Kegareboshi (19704)'\n\nDuring handling of the above exception, another exception occurred:\n\nTraceback (most recent call last):\n  File \"C:\\Python312\\Lib\\pathlib.py\", line 1311, in mkdir\n    os.mkdir(self, mode)\nFileNotFoundError: [WinError 53] Der Netzwerkpfad wurde nicht gefunden: '\\\\\\\\NIGHTMAREMOON\\\\media\\\\Hentai'\n\nDuring handling of the above exception, another exception occurred:\n\nTraceback (most recent call last):\n  File \"I:\\git\\AnimeWatcherPlus\\AnimeWatcherPlus\\core\\app\\services\\jobs.py\", line 89, in _worker\n    await job.coro_factory()\n  File \"I:\\git\\AnimeWatcherPlus\\AnimeWatcherPlus\\core\\app\\services\\scanner.py\", line 412, in _run_rescan\n    await identification.manual_identify(\n  File \"I:\\git\\AnimeWatcherPlus\\AnimeWatcherPlus\\core\\app\\services\\identification.py\", line 127, in manual_identify\n    return await _finalize_identification(\n           ^^^^^^^^^^^^^^^^^^^^^^^^^^^^^^^\n  File \"I:\\git\\AnimeWatcherPlus\\AnimeWatcherPlus\\core\\app\\services\\identification.py\", line 261, in _finalize_identification\n    nfo.write_tvshow_nfo(\n  File \"I:\\git\\AnimeWatcherPlus\\AnimeWatcherPlus\\core\\app\\services\\nfo.py\", line 83, in write_tvshow_nfo\n    anime_dir.mkdir(parents=True, exist_ok=True)\n  File \"C:\\Python312\\Lib\\pathlib.py\", line 1315, in mkdir\n    self.parent.mkdir(parents=True, exist_ok=True)\n  File \"C:\\Python312\\Lib\\pathlib.py\", line 1315, in mkdir\n    self.parent.mkdir(parents=True, exist_ok=True)\n  File \"C:\\Python312\\Lib\\pathlib.py\", line 1311, in mkdir\n    os.mkdir(self, mode)\nFileNotFoundError: [WinError 53] Der Netzwerkpfad wurde nicht gefunden: '\\\\\\\\NIGHTMAREMOON\\\\media\\\\'"}
{"anime_id": 323, "event": "aniinfo_write_failed", "level": "error", "timestamp": "2026-08-02T13:49:16.095153Z", "exception": "Traceback (most recent call last):\n  File \"C:\\Python312\\Lib\\pathlib.py\", line 1311, in mkdir\n    os.mkdir(self, mode)\nFileNotFoundError: [WinError 53] Der Netzwerkpfad wurde nicht gefunden: '\\\\\\\\NIGHTMAREMOON\\\\media\\\\Hentai\\\\1LDK + JK Ikinari Doukyo Micchaku! Hatsu Ecchi!! (18008)'\n\nDuring handling of the above exception, another exception occurred:\n\nTraceback (most recent call last):\n  File \"C:\\Python312\\Lib\\pathlib.py\", line 1311, in mkdir\n    os.mkdir(self, mode)\nFileNotFoundError: [WinError 53] Der Netzwerkpfad wurde nicht gefunden: '\\\\\\\\NIGHTMAREMOON\\\\media\\\\Hentai'\n\nDuring handling of the above exception, another exception occurred:\n\nTraceback (most recent call last):\n  File \"I:\\git\\AnimeWatcherPlus\\AnimeWatcherPlus\\core\\app\\services\\identification.py\", line 349, in _write_artwork_and_aniinfo\n    artwork.write_aniinfo_json(\n  File \"I:\\git\\AnimeWatcherPlus\\AnimeWatcherPlus\\core\\app\\services\\artwork.py\", line 61, in write_aniinfo_json\n    anime_dir.mkdir(parents=True, exist_ok=True)\n  File \"C:\\Python312\\Lib\\pathlib.py\", line 1315, in mkdir\n    self.parent.mkdir(parents=True, exist_ok=True)\n  File \"C:\\Python312\\Lib\\pathlib.py\", line 1315, in mkdir\n    self.parent.mkdir(parents=True, exist_ok=True)\n  File \"C:\\Python312\\Lib\\pathlib.py\", line 1311, in mkdir\n    os.mkdir(self, mode)\nFileNotFoundError: [WinError 53] Der Netzwerkpfad wurde nicht gefunden: '\\\\\\\\NIGHTMAREMOON\\\\media\\\\'"}
{"job_type": "rescan", "job_id": 15, "event": "job_failed", "level": "error", "timestamp": "2026-08-02T13:49:16.096687Z", "exception": "Traceback (most recent call last):\n  File \"C:\\Python312\\Lib\\pathlib.py\", line 1311, in mkdir\n    os.mkdir(self, mode)\nFileNotFoundError: [WinError 53] Der Netzwerkpfad wurde nicht gefunden: '\\\\\\\\NIGHTMAREMOON\\\\media\\\\Hentai\\\\1LDK + JK Ikinari Doukyo Micchaku! Hatsu Ecchi!! (18008)'\n\nDuring handling of the above exception, another exception occurred:\n\nTraceback (most recent call last):\n  File \"C:\\Python312\\Lib\\pathlib.py\", line 1311, in mkdir\n    os.mkdir(self, mode)\nFileNotFoundError: [WinError 53] Der Netzwerkpfad wurde nicht gefunden: '\\\\\\\\NIGHTMAREMOON\\\\media\\\\Hentai'\n\nDuring handling of the above exception, another exception occurred:\n\nTraceback (most recent call last):\n  File \"I:\\git\\AnimeWatcherPlus\\AnimeWatcherPlus\\core\\app\\services\\jobs.py\", line 89, in _worker\n    await job.coro_factory()\n  File \"I:\\git\\AnimeWatcherPlus\\AnimeWatcherPlus\\core\\app\\services\\scanner.py\", line 412, in _run_rescan\n    await identification.manual_identify(\n  File \"I:\\git\\AnimeWatcherPlus\\AnimeWatcherPlus\\core\\app\\services\\identification.py\", line 127, in manual_identify\n    return await _finalize_identification(\n           ^^^^^^^^^^^^^^^^^^^^^^^^^^^^^^^\n  File \"I:\\git\\AnimeWatcherPlus\\AnimeWatcherPlus\\core\\app\\services\\identification.py\", line 261, in _finalize_identification\n    nfo.write_tvshow_nfo(\n  File \"I:\\git\\AnimeWatcherPlus\\AnimeWatcherPlus\\core\\app\\services\\nfo.py\", line 83, in write_tvshow_nfo\n    anime_dir.mkdir(parents=True, exist_ok=True)\n  File \"C:\\Python312\\Lib\\pathlib.py\", line 1315, in mkdir\n    self.parent.mkdir(parents=True, exist_ok=True)\n  File \"C:\\Python312\\Lib\\pathlib.py\", line 1315, in mkdir\n    self.parent.mkdir(parents=True, exist_ok=True)\n  File \"C:\\Python312\\Lib\\pathlib.py\", line 1311, in mkdir\n    os.mkdir(self, mode)\nFileNotFoundError: [WinError 53] Der Netzwerkpfad wurde nicht gefunden: '\\\\\\\\NIGHTMAREMOON\\\\media\\\\'"}
{"anime_id": 371, "event": "aniinfo_write_failed", "level": "error", "timestamp": "2026-08-02T13:49:16.194775Z", "exception": "Traceback (most recent call last):\n  File \"C:\\Python312\\Lib\\pathlib.py\", line 1311, in mkdir\n    os.mkdir(self, mode)\nFileNotFoundError: [WinError 53] Der Netzwerkpfad wurde nicht gefunden: '\\\\\\\\NIGHTMAREMOON\\\\media\\\\Hentai\\\\OVA Sister Breeder (19514)'\n\nDuring handling of the above exception, another exception occurred:\n\nTraceback (most recent call last):\n  File \"C:\\Python312\\Lib\\pathlib.py\", line 1311, in mkdir\n    os.mkdir(self, mode)\nFileNotFoundError: [WinError 53] Der Netzwerkpfad wurde nicht gefunden: '\\\\\\\\NIGHTMAREMOON\\\\media\\\\Hentai'\n\nDuring handling of the above exception, another exception occurred:\n\nTraceback (most recent call last):\n  File \"I:\\git\\AnimeWatcherPlus\\AnimeWatcherPlus\\core\\app\\services\\identification.py\", line 349, in _write_artwork_and_aniinfo\n    artwork.write_aniinfo_json(\n  File \"I:\\git\\AnimeWatcherPlus\\AnimeWatcherPlus\\core\\app\\services\\artwork.py\", line 61, in write_aniinfo_json\n    anime_dir.mkdir(parents=True, exist_ok=True)\n  File \"C:\\Python312\\Lib\\pathlib.py\", line 1315, in mkdir\n    self.parent.mkdir(parents=True, exist_ok=True)\n  File \"C:\\Python312\\Lib\\pathlib.py\", line 1315, in mkdir\n    self.parent.mkdir(parents=True, exist_ok=True)\n  File \"C:\\Python312\\Lib\\pathlib.py\", line 1311, in mkdir\n    os.mkdir(self, mode)\nFileNotFoundError: [WinError 53] Der Netzwerkpfad wurde nicht gefunden: '\\\\\\\\NIGHTMAREMOON\\\\media\\\\'"}
{"job_type": "rescan", "job_id": 16, "event": "job_failed", "level": "error", "timestamp": "2026-08-02T13:49:16.198468Z", "exception": "Traceback (most recent call last):\n  File \"C:\\Python312\\Lib\\pathlib.py\", line 1311, in mkdir\n    os.mkdir(self, mode)\nFileNotFoundError: [WinError 53] Der Netzwerkpfad wurde nicht gefunden: '\\\\\\\\NIGHTMAREMOON\\\\media\\\\Hentai\\\\OVA Sister Breeder (19514)'\n\nDuring handling of the above exception, another exception occurred:\n\nTraceback (most recent call last):\n  File \"C:\\Python312\\Lib\\pathlib.py\", line 1311, in mkdir\n    os.mkdir(self, mode)\nFileNotFoundError: [WinError 53] Der Netzwerkpfad wurde nicht gefunden: '\\\\\\\\NIGHTMAREMOON\\\\media\\\\Hentai'\n\nDuring handling of the above exception, another exception occurred:\n\nTraceback (most recent call last):\n  File \"I:\\git\\AnimeWatcherPlus\\AnimeWatcherPlus\\core\\app\\services\\jobs.py\", line 89, in _worker\n    await job.coro_factory()\n  File \"I:\\git\\AnimeWatcherPlus\\AnimeWatcherPlus\\core\\app\\services\\scanner.py\", line 412, in _run_rescan\n    await identification.manual_identify(\n  File \"I:\\git\\AnimeWatcherPlus\\AnimeWatcherPlus\\core\\app\\services\\identification.py\", line 127, in manual_identify\n    return await _finalize_identification(\n           ^^^^^^^^^^^^^^^^^^^^^^^^^^^^^^^\n  File \"I:\\git\\AnimeWatcherPlus\\AnimeWatcherPlus\\core\\app\\services\\identification.py\", line 261, in _finalize_identification\n    nfo.write_tvshow_nfo(\n  File \"I:\\git\\AnimeWatcherPlus\\AnimeWatcherPlus\\core\\app\\services\\nfo.py\", line 83, in write_tvshow_nfo\n    anime_dir.mkdir(parents=True, exist_ok=True)\n  File \"C:\\Python312\\Lib\\pathlib.py\", line 1315, in mkdir\n    self.parent.mkdir(parents=True, exist_ok=True)\n  File \"C:\\Python312\\Lib\\pathlib.py\", line 1315, in mkdir\n    self.parent.mkdir(parents=True, exist_ok=True)\n  File \"C:\\Python312\\Lib\\pathlib.py\", line 1311, in mkdir\n    os.mkdir(self, mode)\nFileNotFoundError: [WinError 53] Der Netzwerkpfad wurde nicht gefunden: '\\\\\\\\NIGHTMAREMOON\\\\media\\\\'"}
{"anime_id": 404, "event": "aniinfo_write_failed", "level": "error", "timestamp": "2026-08-02T13:49:16.268166Z", "exception": "Traceback (most recent call last):\n  File \"C:\\Python312\\Lib\\pathlib.py\", line 1311, in mkdir\n    os.mkdir(self, mode)\nFileNotFoundError: [WinError 53] Der Netzwerkpfad wurde nicht gefunden: '\\\\\\\\NIGHTMAREMOON\\\\media\\\\Hentai\\\\Do S na Pet (19543)'\n\nDuring handling of the above exception, another exception occurred:\n\nTraceback (most recent call last):\n  File \"C:\\Python312\\Lib\\pathlib.py\", line 1311, in mkdir\n    os.mkdir(self, mode)\nFileNotFoundError: [WinError 53] Der Netzwerkpfad wurde nicht gefunden: '\\\\\\\\NIGHTMAREMOON\\\\media\\\\Hentai'\n\nDuring handling of the above exception, another exception occurred:\n\nTraceback (most recent call last):\n  File \"I:\\git\\AnimeWatcherPlus\\AnimeWatcherPlus\\core\\app\\services\\identification.py\", line 349, in _write_artwork_and_aniinfo\n    artwork.write_aniinfo_json(\n  File \"I:\\git\\AnimeWatcherPlus\\AnimeWatcherPlus\\core\\app\\services\\artwork.py\", line 61, in write_aniinfo_json\n    anime_dir.mkdir(parents=True, exist_ok=True)\n  File \"C:\\Python312\\Lib\\pathlib.py\", line 1315, in mkdir\n    self.parent.mkdir(parents=True, exist_ok=True)\n  File \"C:\\Python312\\Lib\\pathlib.py\", line 1315, in mkdir\n    self.parent.mkdir(parents=True, exist_ok=True)\n  File \"C:\\Python312\\Lib\\pathlib.py\", line 1311, in mkdir\n    os.mkdir(self, mode)\nFileNotFoundError: [WinError 53] Der Netzwerkpfad wurde nicht gefunden: '\\\\\\\\NIGHTMAREMOON\\\\media\\\\'"}
{"job_type": "rescan", "job_id": 17, "event": "job_failed", "level": "error", "timestamp": "2026-08-02T13:49:16.270692Z", "exception": "Traceback (most recent call last):\n  File \"C:\\Python312\\Lib\\pathlib.py\", line 1311, in mkdir\n    os.mkdir(self, mode)\nFileNotFoundError: [WinError 53] Der Netzwerkpfad wurde nicht gefunden: '\\\\\\\\NIGHTMAREMOON\\\\media\\\\Hentai\\\\Do S na Pet (19543)'\n\nDuring handling of the above exception, another exception occurred:\n\nTraceback (most recent call last):\n  File \"C:\\Python312\\Lib\\pathlib.py\", line 1311, in mkdir\n    os.mkdir(self, mode)\nFileNotFoundError: [WinError 53] Der Netzwerkpfad wurde nicht gefunden: '\\\\\\\\NIGHTMAREMOON\\\\media\\\\Hentai'\n\nDuring handling of the above exception, another exception occurred:\n\nTraceback (most recent call last):\n  File \"I:\\git\\AnimeWatcherPlus\\AnimeWatcherPlus\\core\\app\\services\\jobs.py\", line 89, in _worker\n    await job.coro_factory()\n  File \"I:\\git\\AnimeWatcherPlus\\AnimeWatcherPlus\\core\\app\\services\\scanner.py\", line 412, in _run_rescan\n    await identification.manual_identify(\n  File \"I:\\git\\AnimeWatcherPlus\\AnimeWatcherPlus\\core\\app\\services\\identification.py\", line 127, in manual_identify\n    return await _finalize_identification(\n           ^^^^^^^^^^^^^^^^^^^^^^^^^^^^^^^\n  File \"I:\\git\\AnimeWatcherPlus\\AnimeWatcherPlus\\core\\app\\services\\identification.py\", line 261, in _finalize_identification\n    nfo.write_tvshow_nfo(\n  File \"I:\\git\\AnimeWatcherPlus\\AnimeWatcherPlus\\core\\app\\services\\nfo.py\", line 83, in write_tvshow_nfo\n    anime_dir.mkdir(parents=True, exist_ok=True)\n  File \"C:\\Python312\\Lib\\pathlib.py\", line 1315, in mkdir\n    self.parent.mkdir(parents=True, exist_ok=True)\n  File \"C:\\Python312\\Lib\\pathlib.py\", line 1315, in mkdir\n    self.parent.mkdir(parents=True, exist_ok=True)\n  File \"C:\\Python312\\Lib\\pathlib.py\", line 1311, in mkdir\n    os.mkdir(self, mode)\nFileNotFoundError: [WinError 53] Der Netzwerkpfad wurde nicht gefunden: '\\\\\\\\NIGHTMAREMOON\\\\media\\\\'"}
{"log_file": "C:\\Users\\thund\\AppData\\Roaming\\AnimeWatcherPlus\\logs\\core.log", "event": "logging_configured", "level": "info", "timestamp": "2026-08-02T13:50:08.254359Z"}
{"count": 14, "total_identified": 415, "ignore_staleness": false, "event": "metadata_rescan_enqueued", "level": "info", "timestamp": "2026-08-02T13:50:11.207713Z"}
{"data_dir": "C:\\Users\\thund\\AppData\\Roaming\\AnimeWatcherPlus", "event": "core_started", "level": "info", "timestamp": "2026-08-02T13:50:11.209718Z"}
{"event_name": "anime.discovered", "data": {"anime_id": 425, "path": "\\\\NIGHTMAREMOON\\media\\Hentai-rename\\h na gishi series the animation"}, "event": "event_published", "level": "info", "timestamp": "2026-08-02T13:51:19.572730Z"}
{"event_name": "anime.discovered", "data": {"anime_id": 426, "path": "\\\\NIGHTMAREMOON\\media\\Hentai-rename\\Korette Naani"}, "event": "event_published", "level": "info", "timestamp": "2026-08-02T13:51:19.733635Z"}
{"event_name": "anime.discovered", "data": {"anime_id": 427, "path": "\\\\NIGHTMAREMOON\\media\\Hentai-rename\\Elf ni Inmon o Tsukeru Hon The Animation"}, "event": "event_published", "level": "info", "timestamp": "2026-08-02T13:51:19.878549Z"}
{"event_name": "anime.discovered", "data": {"anime_id": 428, "path": "\\\\NIGHTMAREMOON\\media\\Hentai-rename\\Iribitari Gal ni Manko Tsukawasete Morau Hanashi"}, "event": "event_published", "level": "info", "timestamp": "2026-08-02T13:51:20.012448Z"}
{"event_name": "anime.discovered", "data": {"anime_id": 429, "path": "\\\\NIGHTMAREMOON\\media\\Hentai-rename\\Natsu to Hako"}, "event": "event_published", "level": "info", "timestamp": "2026-08-02T13:51:20.150925Z"}
{"event_name": "anime.discovered", "data": {"anime_id": 430, "path": "\\\\NIGHTMAREMOON\\media\\Hentai-rename\\No Waifu No Life"}, "event": "event_published", "level": "info", "timestamp": "2026-08-02T13:51:20.290436Z"}
{"event_name": "anime.discovered", "data": {"anime_id": 431, "path": "\\\\NIGHTMAREMOON\\media\\Hentai-rename\\Imaizumin chi wa Douyara Gal no Tamariba ni Natteru Rashii"}, "event": "event_published", "level": "info", "timestamp": "2026-08-02T13:51:20.431103Z"}
{"event_name": "anime.discovered", "data": {"anime_id": 432, "path": "\\\\NIGHTMAREMOON\\media\\Hentai-rename\\Cele Kano Uncensored"}, "event": "event_published", "level": "info", "timestamp": "2026-08-02T13:51:20.590310Z"}
{"event_name": "anime.discovered", "data": {"anime_id": 433, "path": "\\\\NIGHTMAREMOON\\media\\Hentai-rename\\Chimimouryou"}, "event": "event_published", "level": "info", "timestamp": "2026-08-02T13:51:20.753525Z"}
{"event_name": "anime.discovered", "data": {"anime_id": 434, "path": "\\\\NIGHTMAREMOON\\media\\Hentai-rename\\Cheat Item Kanrikyoku no Oshigoto EX"}, "event": "event_published", "level": "info", "timestamp": "2026-08-02T13:51:20.907748Z"}
{"event_name": "anime.discovered", "data": {"anime_id": 435, "path": "\\\\NIGHTMAREMOON\\media\\Hentai-rename\\Ero Ishi Seijun Bishoujo o Kotoba Takumi ni Hametai Houdai"}, "event": "event_published", "level": "info", "timestamp": "2026-08-02T13:51:21.059783Z"}
{"event_name": "anime.discovered", "data": {"anime_id": 436, "path": "\\\\NIGHTMAREMOON\\media\\Hentai-rename\\Nagachichi Nagai san The Animation"}, "event": "event_published", "level": "info", "timestamp": "2026-08-02T13:51:21.176884Z"}
{"event_name": "anime.discovered", "data": {"anime_id": 437, "path": "\\\\NIGHTMAREMOON\\media\\Hentai-rename\\Heart Mark Oome"}, "event": "event_published", "level": "info", "timestamp": "2026-08-02T13:51:21.358250Z"}
{"event_name": "anime.discovered", "data": {"anime_id": 438, "path": "\\\\NIGHTMAREMOON\\media\\Hentai-rename\\Kenki Virgo"}, "event": "event_published", "level": "info", "timestamp": "2026-08-02T13:51:21.517199Z"}
{"event_name": "anime.discovered", "data": {"anime_id": 439, "path": "\\\\NIGHTMAREMOON\\media\\Hentai-rename\\Mesu o Karu Mura"}, "event": "event_published", "level": "info", "timestamp": "2026-08-02T13:51:21.823471Z"}
{"event_name": "anime.discovered", "data": {"anime_id": 440, "path": "\\\\NIGHTMAREMOON\\media\\Hentai-rename\\Nuki Nuki Zupposism"}, "event": "event_published", "level": "info", "timestamp": "2026-08-02T13:51:21.963345Z"}
{"event_name": "anime.discovered", "data": {"anime_id": 441, "path": "\\\\NIGHTMAREMOON\\media\\Hentai-rename\\Muchuu no Tou"}, "event": "event_published", "level": "info", "timestamp": "2026-08-02T13:51:22.099662Z"}
{"event_name": "anime.identified", "data": {"anime_id": 4, "anidb_id": 19575, "score": null}, "event": "event_published", "level": "info", "timestamp": "2026-08-02T13:51:22.342528Z"}
{"event_name": "anime.identified", "data": {"anime_id": 12, "anidb_id": 18007, "score": null}, "event": "event_published", "level": "info", "timestamp": "2026-08-02T13:51:22.440236Z"}
{"event_name": "anime.identified", "data": {"anime_id": 115, "anidb_id": 18896, "score": null}, "event": "event_published", "level": "info", "timestamp": "2026-08-02T13:51:22.532399Z"}
{"event_name": "anime.identified", "data": {"anime_id": 127, "anidb_id": 19489, "score": null}, "event": "event_published", "level": "info", "timestamp": "2026-08-02T13:51:22.631162Z"}
{"event_name": "anime.identified", "data": {"anime_id": 195, "anidb_id": 19330, "score": null}, "event": "event_published", "level": "info", "timestamp": "2026-08-02T13:51:22.736109Z"}
{"event_name": "anime.identified", "data": {"anime_id": 202, "anidb_id": 19612, "score": null}, "event": "event_published", "level": "info", "timestamp": "2026-08-02T13:51:22.811164Z"}
{"event_name": "anime.identified", "data": {"anime_id": 235, "anidb_id": 19140, "score": null}, "event": "event_published", "level": "info", "timestamp": "2026-08-02T13:51:22.896962Z"}
{"event_name": "anime.identified", "data": {"anime_id": 276, "anidb_id": 11892, "score": null}, "event": "event_published", "level": "info", "timestamp": "2026-08-02T13:51:23.013252Z"}
{"event_name": "anime.identified", "data": {"anime_id": 286, "anidb_id": 15249, "score": null}, "event": "event_published", "level": "info", "timestamp": "2026-08-02T13:51:23.179939Z"}
{"event_name": "anime.identified", "data": {"anime_id": 315, "anidb_id": 17847, "score": null}, "event": "event_published", "level": "info", "timestamp": "2026-08-02T13:51:23.307278Z"}
{"event_name": "anime.identified", "data": {"anime_id": 321, "anidb_id": 19704, "score": null}, "event": "event_published", "level": "info", "timestamp": "2026-08-02T13:51:23.475020Z"}
{"event_name": "anime.identified", "data": {"anime_id": 323, "anidb_id": 18008, "score": null}, "event": "event_published", "level": "info", "timestamp": "2026-08-02T13:51:23.623656Z"}
{"event_name": "anime.identified", "data": {"anime_id": 371, "anidb_id": 19514, "score": null}, "event": "event_published", "level": "info", "timestamp": "2026-08-02T13:51:23.887266Z"}
{"event_name": "anime.identified", "data": {"anime_id": 404, "anidb_id": 19543, "score": null}, "event": "event_published", "level": "info", "timestamp": "2026-08-02T13:51:23.987768Z"}
{"event_name": "anime.identified", "data": {"anime_id": 425, "anidb_id": 19499, "score": 100.0}, "event": "event_published", "level": "info", "timestamp": "2026-08-02T13:52:48.237400Z"}
{"anime_id": 425, "anidb_id": 19499, "duplicate_of_anime_id": 171, "event": "anime_duplicate_detected", "level": "warning", "timestamp": "2026-08-02T13:52:48.237400Z"}
{"event_name": "anime.duplicate_detected", "data": {"anime_id": 425, "anidb_id": 19499, "duplicate_of_anime_id": 171}, "event": "event_published", "level": "info", "timestamp": "2026-08-02T13:52:48.240454Z"}
{"event_name": "anime.identified", "data": {"anime_id": 426, "anidb_id": 19412, "score": 100.0}, "event": "event_published", "level": "info", "timestamp": "2026-08-02T13:52:51.756226Z"}
{"event_name": "anime.identified", "data": {"anime_id": 427, "anidb_id": 18843, "score": 100.0}, "event": "event_published", "level": "info", "timestamp": "2026-08-02T13:52:55.752030Z"}
{"anime_id": 427, "anidb_id": 18843, "duplicate_of_anime_id": 264, "event": "anime_duplicate_detected", "level": "warning", "timestamp": "2026-08-02T13:52:55.752533Z"}
{"event_name": "anime.duplicate_detected", "data": {"anime_id": 427, "anidb_id": 18843, "duplicate_of_anime_id": 264}, "event": "event_published", "level": "info", "timestamp": "2026-08-02T13:52:55.755572Z"}
{"event_name": "anime.identified", "data": {"anime_id": 428, "anidb_id": 18896, "score": 100.0}, "event": "event_published", "level": "info", "timestamp": "2026-08-02T13:52:57.204650Z"}
{"anime_id": 428, "anidb_id": 18896, "duplicate_of_anime_id": 115, "event": "anime_duplicate_detected", "level": "warning", "timestamp": "2026-08-02T13:52:57.205652Z"}
{"event_name": "anime.duplicate_detected", "data": {"anime_id": 428, "anidb_id": 18896, "duplicate_of_anime_id": 115}, "event": "event_published", "level": "info", "timestamp": "2026-08-02T13:52:57.207697Z"}
{"event_name": "anime.identified", "data": {"anime_id": 429, "anidb_id": 19556, "score": 100.0}, "event": "event_published", "level": "info", "timestamp": "2026-08-02T13:52:59.916117Z"}
{"event_name": "anime.identified", "data": {"anime_id": 430, "anidb_id": 18184, "score": 100.0}, "event": "event_published", "level": "info", "timestamp": "2026-08-02T13:53:03.858319Z"}
{"anime_id": 430, "anidb_id": 18184, "duplicate_of_anime_id": 37, "event": "anime_duplicate_detected", "level": "warning", "timestamp": "2026-08-02T13:53:03.858319Z"}
{"event_name": "anime.duplicate_detected", "data": {"anime_id": 430, "anidb_id": 18184, "duplicate_of_anime_id": 37}, "event": "event_published", "level": "info", "timestamp": "2026-08-02T13:53:03.861446Z"}
{"event_name": "anime.identified", "data": {"anime_id": 431, "anidb_id": 16198, "score": 100.0}, "event": "event_published", "level": "info", "timestamp": "2026-08-02T13:53:05.263915Z"}
{"anime_id": 431, "anidb_id": 16198, "duplicate_of_anime_id": 212, "event": "anime_duplicate_detected", "level": "warning", "timestamp": "2026-08-02T13:53:05.263915Z"}
{"event_name": "anime.duplicate_detected", "data": {"anime_id": 431, "anidb_id": 16198, "duplicate_of_anime_id": 212}, "event": "event_published", "level": "info", "timestamp": "2026-08-02T13:53:05.267199Z"}
{"event_name": "anime.needs_review", "data": {"anime_id": 432, "candidates": []}, "event": "event_published", "level": "info", "timestamp": "2026-08-02T13:53:05.285565Z"}
{"event_name": "anime.needs_review", "data": {"anime_id": 433, "candidates": []}, "event": "event_published", "level": "info", "timestamp": "2026-08-02T13:53:05.295993Z"}
{"event_name": "anime.identified", "data": {"anime_id": 434, "anidb_id": 20161, "score": 100.0}, "event": "event_published", "level": "info", "timestamp": "2026-08-02T13:53:07.891501Z"}
{"event_name": "anime.needs_review", "data": {"anime_id": 435, "candidates": [{"aid": 16945, "title": "Ero Ishi: Seijun Bishoujo o Kotoba Takumi ni Hametai Houdai", "score": 99.14529914529915}, {"aid": 16945, "title": "JK to Ero Ishi: Seijun Bishoujo JK o Kotoba Takumi ni Hametai Houdai", "score": 95.0}]}, "event": "event_published", "level": "info", "timestamp": "2026-08-02T13:53:07.914568Z"}
{"event_name": "anime.identified", "data": {"anime_id": 436, "anidb_id": 19542, "score": 100.0}, "event": "event_published", "level": "info", "timestamp": "2026-08-02T13:53:11.788382Z"}
{"event_name": "anime.identified", "data": {"anime_id": 437, "anidb_id": 19976, "score": 95.0}, "event": "event_published", "level": "info", "timestamp": "2026-08-02T13:53:15.812076Z"}
{"event_name": "anime.identified", "data": {"anime_id": 438, "anidb_id": 19738, "score": 100.0}, "event": "event_published", "level": "info", "timestamp": "2026-08-02T13:53:19.654634Z"}
{"event_name": "anime.identified", "data": {"anime_id": 439, "anidb_id": 19575, "score": 100.0}, "event": "event_published", "level": "info", "timestamp": "2026-08-02T13:53:20.946115Z"}
{"anime_id": 439, "anidb_id": 19575, "duplicate_of_anime_id": 4, "event": "anime_duplicate_detected", "level": "warning", "timestamp": "2026-08-02T13:53:20.946115Z"}
{"event_name": "anime.duplicate_detected", "data": {"anime_id": 439, "anidb_id": 19575, "duplicate_of_anime_id": 4}, "event": "event_published", "level": "info", "timestamp": "2026-08-02T13:53:20.947620Z"}
{"event_name": "anime.identified", "data": {"anime_id": 440, "anidb_id": 19956, "score": 100.0}, "event": "event_published", "level": "info", "timestamp": "2026-08-02T13:53:23.776833Z"}
{"event_name": "anime.identified", "data": {"anime_id": 441, "anidb_id": 19917, "score": 100.0}, "event": "event_published", "level": "info", "timestamp": "2026-08-02T13:53:28.007637Z"}
{"anime_id": 425, "anidb_id": 19499, "event": "identification_nfo_hit", "level": "info", "timestamp": "2026-08-02T13:53:28.027006Z"}
{"event_name": "anime.identified", "data": {"anime_id": 425, "anidb_id": 19499, "score": null}, "event": "event_published", "level": "info", "timestamp": "2026-08-02T13:53:28.098999Z"}
{"anime_id": 425, "anidb_id": 19499, "duplicate_of_anime_id": 171, "event": "anime_duplicate_detected", "level": "warning", "timestamp": "2026-08-02T13:53:28.098999Z"}
{"event_name": "anime.duplicate_detected", "data": {"anime_id": 425, "anidb_id": 19499, "duplicate_of_anime_id": 171}, "event": "event_published", "level": "info", "timestamp": "2026-08-02T13:53:28.100525Z"}
{"anime_id": 426, "anidb_id": 19412, "event": "identification_nfo_hit", "level": "info", "timestamp": "2026-08-02T13:53:28.123131Z"}
{"event_name": "anime.identified", "data": {"anime_id": 426, "anidb_id": 19412, "score": null}, "event": "event_published", "level": "info", "timestamp": "2026-08-02T13:53:28.189437Z"}
{"anime_id": 427, "anidb_id": 18843, "event": "identification_nfo_hit", "level": "info", "timestamp": "2026-08-02T13:53:28.226296Z"}
{"event_name": "anime.identified", "data": {"anime_id": 427, "anidb_id": 18843, "score": null}, "event": "event_published", "level": "info", "timestamp": "2026-08-02T13:53:28.319097Z"}
{"anime_id": 427, "anidb_id": 18843, "duplicate_of_anime_id": 264, "event": "anime_duplicate_detected", "level": "warning", "timestamp": "2026-08-02T13:53:28.319602Z"}
{"event_name": "anime.duplicate_detected", "data": {"anime_id": 427, "anidb_id": 18843, "duplicate_of_anime_id": 264}, "event": "event_published", "level": "info", "timestamp": "2026-08-02T13:53:28.322285Z"}
{"anime_id": 428, "anidb_id": 18896, "event": "identification_nfo_hit", "level": "info", "timestamp": "2026-08-02T13:53:28.344237Z"}
{"event_name": "anime.identified", "data": {"anime_id": 428, "anidb_id": 18896, "score": null}, "event": "event_published", "level": "info", "timestamp": "2026-08-02T13:53:28.421050Z"}
{"anime_id": 428, "anidb_id": 18896, "duplicate_of_anime_id": 115, "event": "anime_duplicate_detected", "level": "warning", "timestamp": "2026-08-02T13:53:28.421050Z"}
{"event_name": "anime.duplicate_detected", "data": {"anime_id": 428, "anidb_id": 18896, "duplicate_of_anime_id": 115}, "event": "event_published", "level": "info", "timestamp": "2026-08-02T13:53:28.424603Z"}
{"anime_id": 429, "anidb_id": 19556, "event": "identification_nfo_hit", "level": "info", "timestamp": "2026-08-02T13:53:28.445681Z"}
{"event_name": "anime.identified", "data": {"anime_id": 429, "anidb_id": 19556, "score": null}, "event": "event_published", "level": "info", "timestamp": "2026-08-02T13:53:28.521256Z"}
{"anime_id": 430, "anidb_id": 18184, "event": "identification_nfo_hit", "level": "info", "timestamp": "2026-08-02T13:53:28.541045Z"}
{"event_name": "anime.identified", "data": {"anime_id": 430, "anidb_id": 18184, "score": null}, "event": "event_published", "level": "info", "timestamp": "2026-08-02T13:53:28.632223Z"}
{"anime_id": 430, "anidb_id": 18184, "duplicate_of_anime_id": 37, "event": "anime_duplicate_detected", "level": "warning", "timestamp": "2026-08-02T13:53:28.633747Z"}
{"event_name": "anime.duplicate_detected", "data": {"anime_id": 430, "anidb_id": 18184, "duplicate_of_anime_id": 37}, "event": "event_published", "level": "info", "timestamp": "2026-08-02T13:53:28.635274Z"}
{"anime_id": 431, "anidb_id": 16198, "event": "identification_nfo_hit", "level": "info", "timestamp": "2026-08-02T13:53:28.654732Z"}
{"event_name": "anime.identified", "data": {"anime_id": 431, "anidb_id": 16198, "score": null}, "event": "event_published", "level": "info", "timestamp": "2026-08-02T13:53:28.766891Z"}
{"anime_id": 431, "anidb_id": 16198, "duplicate_of_anime_id": 212, "event": "anime_duplicate_detected", "level": "warning", "timestamp": "2026-08-02T13:53:28.766891Z"}
{"event_name": "anime.duplicate_detected", "data": {"anime_id": 431, "anidb_id": 16198, "duplicate_of_anime_id": 212}, "event": "event_published", "level": "info", "timestamp": "2026-08-02T13:53:28.771141Z"}
{"event_name": "anime.needs_review", "data": {"anime_id": 432, "candidates": []}, "event": "event_published", "level": "info", "timestamp": "2026-08-02T13:53:28.783250Z"}
{"event_name": "anime.needs_review", "data": {"anime_id": 433, "candidates": []}, "event": "event_published", "level": "info", "timestamp": "2026-08-02T13:53:28.795057Z"}
{"anime_id": 434, "anidb_id": 20161, "event": "identification_nfo_hit", "level": "info", "timestamp": "2026-08-02T13:53:28.812049Z"}
{"event_name": "anime.identified", "data": {"anime_id": 434, "anidb_id": 20161, "score": null}, "event": "event_published", "level": "info", "timestamp": "2026-08-02T13:53:28.893017Z"}
{"event_name": "anime.needs_review", "data": {"anime_id": 433, "candidates": []}, "event": "event_published", "level": "info", "timestamp": "2026-08-02T13:53:28.906732Z"}
{"anime_id": 439, "anidb_id": 19575, "event": "identification_nfo_hit", "level": "info", "timestamp": "2026-08-02T13:53:28.932608Z"}
{"event_name": "anime.identified", "data": {"anime_id": 439, "anidb_id": 19575, "score": null}, "event": "event_published", "level": "info", "timestamp": "2026-08-02T13:53:29.020951Z"}
{"anime_id": 439, "anidb_id": 19575, "duplicate_of_anime_id": 4, "event": "anime_duplicate_detected", "level": "warning", "timestamp": "2026-08-02T13:53:29.021464Z"}
{"event_name": "anime.duplicate_detected", "data": {"anime_id": 439, "anidb_id": 19575, "duplicate_of_anime_id": 4}, "event": "event_published", "level": "info", "timestamp": "2026-08-02T13:53:29.024482Z"}
{"event_name": "anime.needs_review", "data": {"anime_id": 432, "candidates": []}, "event": "event_published", "level": "info", "timestamp": "2026-08-02T13:53:29.036281Z"}
{"anime_id": 430, "anidb_id": 18184, "event": "identification_nfo_hit", "level": "info", "timestamp": "2026-08-02T13:53:29.054614Z"}
{"event_name": "anime.identified", "data": {"anime_id": 430, "anidb_id": 18184, "score": null}, "event": "event_published", "level": "info", "timestamp": "2026-08-02T13:53:29.165734Z"}
{"anime_id": 430, "anidb_id": 18184, "duplicate_of_anime_id": 37, "event": "anime_duplicate_detected", "level": "warning", "timestamp": "2026-08-02T13:53:29.165734Z"}
{"event_name": "anime.duplicate_detected", "data": {"anime_id": 430, "anidb_id": 18184, "duplicate_of_anime_id": 37}, "event": "event_published", "level": "info", "timestamp": "2026-08-02T13:53:29.168801Z"}
{"anime_id": 425, "anidb_id": 19499, "event": "identification_nfo_hit", "level": "info", "timestamp": "2026-08-02T13:53:29.187071Z"}
{"event_name": "anime.identified", "data": {"anime_id": 425, "anidb_id": 19499, "score": null}, "event": "event_published", "level": "info", "timestamp": "2026-08-02T13:53:29.256587Z"}
{"anime_id": 425, "anidb_id": 19499, "duplicate_of_anime_id": 171, "event": "anime_duplicate_detected", "level": "warning", "timestamp": "2026-08-02T13:53:29.256587Z"}
{"event_name": "anime.duplicate_detected", "data": {"anime_id": 425, "anidb_id": 19499, "duplicate_of_anime_id": 171}, "event": "event_published", "level": "info", "timestamp": "2026-08-02T13:53:29.259649Z"}
{"anime_id": 427, "anidb_id": 18843, "event": "identification_nfo_hit", "level": "info", "timestamp": "2026-08-02T13:53:29.278046Z"}
{"event_name": "anime.identified", "data": {"anime_id": 427, "anidb_id": 18843, "score": null}, "event": "event_published", "level": "info", "timestamp": "2026-08-02T13:53:29.361932Z"}
{"anime_id": 427, "anidb_id": 18843, "duplicate_of_anime_id": 264, "event": "anime_duplicate_detected", "level": "warning", "timestamp": "2026-08-02T13:53:29.363448Z"}
{"event_name": "anime.duplicate_detected", "data": {"anime_id": 427, "anidb_id": 18843, "duplicate_of_anime_id": 264}, "event": "event_published", "level": "info", "timestamp": "2026-08-02T13:53:29.366483Z"}
{"event_name": "anime.needs_review", "data": {"anime_id": 435, "candidates": [{"aid": 16945, "title": "Ero Ishi: Seijun Bishoujo o Kotoba Takumi ni Hametai Houdai", "score": 99.14529914529915}, {"aid": 16945, "title": "JK to Ero Ishi: Seijun Bishoujo JK o Kotoba Takumi ni Hametai Houdai", "score": 95.0}]}, "event": "event_published", "level": "info", "timestamp": "2026-08-02T13:53:29.381313Z"}
{"anime_id": 434, "anidb_id": 20161, "event": "identification_nfo_hit", "level": "info", "timestamp": "2026-08-02T13:53:29.397597Z"}
{"event_name": "anime.identified", "data": {"anime_id": 434, "anidb_id": 20161, "score": null}, "event": "event_published", "level": "info", "timestamp": "2026-08-02T13:53:29.471372Z"}
{"anime_id": 426, "anidb_id": 19412, "event": "identification_nfo_hit", "level": "info", "timestamp": "2026-08-02T13:53:29.489813Z"}
{"event_name": "anime.identified", "data": {"anime_id": 426, "anidb_id": 19412, "score": null}, "event": "event_published", "level": "info", "timestamp": "2026-08-02T13:53:29.547974Z"}
{"anime_id": 438, "anidb_id": 19738, "event": "identification_nfo_hit", "level": "info", "timestamp": "2026-08-02T13:53:29.566033Z"}
{"event_name": "anime.identified", "data": {"anime_id": 438, "anidb_id": 19738, "score": null}, "event": "event_published", "level": "info", "timestamp": "2026-08-02T13:53:29.627006Z"}
{"anime_id": 440, "anidb_id": 19956, "event": "identification_nfo_hit", "level": "info", "timestamp": "2026-08-02T13:53:29.647065Z"}
{"event_name": "anime.identified", "data": {"anime_id": 440, "anidb_id": 19956, "score": null}, "event": "event_published", "level": "info", "timestamp": "2026-08-02T13:53:29.741260Z"}
{"anime_id": 428, "anidb_id": 18896, "event": "identification_nfo_hit", "level": "info", "timestamp": "2026-08-02T13:53:29.762207Z"}
{"event_name": "anime.identified", "data": {"anime_id": 428, "anidb_id": 18896, "score": null}, "event": "event_published", "level": "info", "timestamp": "2026-08-02T13:53:29.851246Z"}
{"anime_id": 428, "anidb_id": 18896, "duplicate_of_anime_id": 115, "event": "anime_duplicate_detected", "level": "warning", "timestamp": "2026-08-02T13:53:29.851771Z"}
{"event_name": "anime.duplicate_detected", "data": {"anime_id": 428, "anidb_id": 18896, "duplicate_of_anime_id": 115}, "event": "event_published", "level": "info", "timestamp": "2026-08-02T13:53:29.853325Z"}
{"anime_id": 431, "anidb_id": 16198, "event": "identification_nfo_hit", "level": "info", "timestamp": "2026-08-02T13:53:29.887946Z"}
{"event_name": "anime.identified", "data": {"anime_id": 431, "anidb_id": 16198, "score": null}, "event": "event_published", "level": "info", "timestamp": "2026-08-02T13:53:30.241603Z"}
{"anime_id": 431, "anidb_id": 16198, "duplicate_of_anime_id": 212, "event": "anime_duplicate_detected", "level": "warning", "timestamp": "2026-08-02T13:53:30.241603Z"}
{"event_name": "anime.duplicate_detected", "data": {"anime_id": 431, "anidb_id": 16198, "duplicate_of_anime_id": 212}, "event": "event_published", "level": "info", "timestamp": "2026-08-02T13:53:30.244644Z"}
{"anime_id": 429, "anidb_id": 19556, "event": "identification_nfo_hit", "level": "info", "timestamp": "2026-08-02T13:53:30.263085Z"}
{"event_name": "anime.identified", "data": {"anime_id": 429, "anidb_id": 19556, "score": null}, "event": "event_published", "level": "info", "timestamp": "2026-08-02T13:53:30.337147Z"}
{"anime_id": 441, "anidb_id": 19917, "event": "identification_nfo_hit", "level": "info", "timestamp": "2026-08-02T13:53:30.355433Z"}
{"event_name": "anime.identified", "data": {"anime_id": 441, "anidb_id": 19917, "score": null}, "event": "event_published", "level": "info", "timestamp": "2026-08-02T13:53:30.425284Z"}
{"event_name": "anime.needs_review", "data": {"anime_id": 435, "candidates": [{"aid": 16945, "title": "Ero Ishi: Seijun Bishoujo o Kotoba Takumi ni Hametai Houdai", "score": 99.14529914529915}, {"aid": 16945, "title": "JK to Ero Ishi: Seijun Bishoujo JK o Kotoba Takumi ni Hametai Houdai", "score": 95.0}]}, "event": "event_published", "level": "info", "timestamp": "2026-08-02T13:53:30.445092Z"}
{"anime_id": 437, "anidb_id": 19976, "event": "identification_nfo_hit", "level": "info", "timestamp": "2026-08-02T13:53:30.464092Z"}
{"event_name": "anime.identified", "data": {"anime_id": 437, "anidb_id": 19976, "score": null}, "event": "event_published", "level": "info", "timestamp": "2026-08-02T13:53:30.548354Z"}
{"anime_id": 436, "anidb_id": 19542, "event": "identification_nfo_hit", "level": "info", "timestamp": "2026-08-02T13:53:30.567731Z"}
{"event_name": "anime.identified", "data": {"anime_id": 436, "anidb_id": 19542, "score": null}, "event": "event_published", "level": "info", "timestamp": "2026-08-02T13:53:30.676269Z"}
{"anime_id": 436, "anidb_id": 19542, "event": "identification_nfo_hit", "level": "info", "timestamp": "2026-08-02T13:53:30.713775Z"}
{"event_name": "anime.identified", "data": {"anime_id": 436, "anidb_id": 19542, "score": null}, "event": "event_published", "level": "info", "timestamp": "2026-08-02T13:53:30.925719Z"}
{"anime_id": 437, "anidb_id": 19976, "event": "identification_nfo_hit", "level": "info", "timestamp": "2026-08-02T13:53:30.949640Z"}
{"event_name": "anime.identified", "data": {"anime_id": 437, "anidb_id": 19976, "score": null}, "event": "event_published", "level": "info", "timestamp": "2026-08-02T13:53:31.089293Z"}
{"anime_id": 438, "anidb_id": 19738, "event": "identification_nfo_hit", "level": "info", "timestamp": "2026-08-02T13:53:31.121269Z"}
{"event_name": "anime.identified", "data": {"anime_id": 438, "anidb_id": 19738, "score": null}, "event": "event_published", "level": "info", "timestamp": "2026-08-02T13:53:31.216623Z"}
{"anime_id": 439, "anidb_id": 19575, "event": "identification_nfo_hit", "level": "info", "timestamp": "2026-08-02T13:53:31.237262Z"}
{"event_name": "anime.identified", "data": {"anime_id": 439, "anidb_id": 19575, "score": null}, "event": "event_published", "level": "info", "timestamp": "2026-08-02T13:53:31.394444Z"}
{"anime_id": 439, "anidb_id": 19575, "duplicate_of_anime_id": 4, "event": "anime_duplicate_detected", "level": "warning", "timestamp": "2026-08-02T13:53:31.394955Z"}
{"event_name": "anime.duplicate_detected", "data": {"anime_id": 439, "anidb_id": 19575, "duplicate_of_anime_id": 4}, "event": "event_published", "level": "info", "timestamp": "2026-08-02T13:53:31.397563Z"}
{"anime_id": 440, "anidb_id": 19956, "event": "identification_nfo_hit", "level": "info", "timestamp": "2026-08-02T13:53:31.415362Z"}
{"event_name": "anime.identified", "data": {"anime_id": 440, "anidb_id": 19956, "score": null}, "event": "event_published", "level": "info", "timestamp": "2026-08-02T13:53:31.579554Z"}
{"anime_id": 441, "anidb_id": 19917, "event": "identification_nfo_hit", "level": "info", "timestamp": "2026-08-02T13:53:31.599016Z"}
{"event_name": "anime.identified", "data": {"anime_id": 441, "anidb_id": 19917, "score": null}, "event": "event_published", "level": "info", "timestamp": "2026-08-02T13:53:31.664174Z"}
{"anime_id": 425, "anidb_id": 19499, "event": "identification_nfo_hit", "level": "info", "timestamp": "2026-08-02T13:53:31.690365Z"}
{"event_name": "anime.identified", "data": {"anime_id": 425, "anidb_id": 19499, "score": null}, "event": "event_published", "level": "info", "timestamp": "2026-08-02T13:53:31.811403Z"}
{"anime_id": 425, "anidb_id": 19499, "duplicate_of_anime_id": 171, "event": "anime_duplicate_detected", "level": "warning", "timestamp": "2026-08-02T13:53:31.811403Z"}
{"event_name": "anime.duplicate_detected", "data": {"anime_id": 425, "anidb_id": 19499, "duplicate_of_anime_id": 171}, "event": "event_published", "level": "info", "timestamp": "2026-08-02T13:53:31.815504Z"}
{"anime_id": 426, "anidb_id": 19412, "event": "identification_nfo_hit", "level": "info", "timestamp": "2026-08-02T13:53:31.838033Z"}
{"event_name": "anime.identified", "data": {"anime_id": 426, "anidb_id": 19412, "score": null}, "event": "event_published", "level": "info", "timestamp": "2026-08-02T13:53:31.973148Z"}
{"anime_id": 427, "anidb_id": 18843, "event": "identification_nfo_hit", "level": "info", "timestamp": "2026-08-02T13:53:31.996549Z"}
{"event_name": "anime.identified", "data": {"anime_id": 427, "anidb_id": 18843, "score": null}, "event": "event_published", "level": "info", "timestamp": "2026-08-02T13:53:32.108592Z"}
{"anime_id": 427, "anidb_id": 18843, "duplicate_of_anime_id": 264, "event": "anime_duplicate_detected", "level": "warning", "timestamp": "2026-08-02T13:53:32.108592Z"}
{"event_name": "anime.duplicate_detected", "data": {"anime_id": 427, "anidb_id": 18843, "duplicate_of_anime_id": 264}, "event": "event_published", "level": "info", "timestamp": "2026-08-02T13:53:32.112822Z"}
{"anime_id": 428, "anidb_id": 18896, "event": "identification_nfo_hit", "level": "info", "timestamp": "2026-08-02T13:53:32.136267Z"}
{"event_name": "anime.identified", "data": {"anime_id": 428, "anidb_id": 18896, "score": null}, "event": "event_published", "level": "info", "timestamp": "2026-08-02T13:53:32.404773Z"}
{"anime_id": 428, "anidb_id": 18896, "duplicate_of_anime_id": 115, "event": "anime_duplicate_detected", "level": "warning", "timestamp": "2026-08-02T13:53:32.405302Z"}
{"event_name": "anime.duplicate_detected", "data": {"anime_id": 428, "anidb_id": 18896, "duplicate_of_anime_id": 115}, "event": "event_published", "level": "info", "timestamp": "2026-08-02T13:53:32.409375Z"}
{"anime_id": 429, "anidb_id": 19556, "event": "identification_nfo_hit", "level": "info", "timestamp": "2026-08-02T13:53:32.433816Z"}
{"event_name": "anime.identified", "data": {"anime_id": 429, "anidb_id": 19556, "score": null}, "event": "event_published", "level": "info", "timestamp": "2026-08-02T13:53:32.526375Z"}
{"anime_id": 430, "anidb_id": 18184, "event": "identification_nfo_hit", "level": "info", "timestamp": "2026-08-02T13:53:32.548747Z"}
{"event_name": "anime.identified", "data": {"anime_id": 430, "anidb_id": 18184, "score": null}, "event": "event_published", "level": "info", "timestamp": "2026-08-02T13:53:32.655451Z"}
{"anime_id": 430, "anidb_id": 18184, "duplicate_of_anime_id": 37, "event": "anime_duplicate_detected", "level": "warning", "timestamp": "2026-08-02T13:53:32.655451Z"}
{"event_name": "anime.duplicate_detected", "data": {"anime_id": 430, "anidb_id": 18184, "duplicate_of_anime_id": 37}, "event": "event_published", "level": "info", "timestamp": "2026-08-02T13:53:32.658596Z"}
{"anime_id": 431, "anidb_id": 16198, "event": "identification_nfo_hit", "level": "info", "timestamp": "2026-08-02T13:53:32.688083Z"}
{"event_name": "anime.identified", "data": {"anime_id": 431, "anidb_id": 16198, "score": null}, "event": "event_published", "level": "info", "timestamp": "2026-08-02T13:53:32.832243Z"}
{"anime_id": 431, "anidb_id": 16198, "duplicate_of_anime_id": 212, "event": "anime_duplicate_detected", "level": "warning", "timestamp": "2026-08-02T13:53:32.832243Z"}
{"event_name": "anime.duplicate_detected", "data": {"anime_id": 431, "anidb_id": 16198, "duplicate_of_anime_id": 212}, "event": "event_published", "level": "info", "timestamp": "2026-08-02T13:53:32.835271Z"}
{"event_name": "anime.needs_review", "data": {"anime_id": 432, "candidates": []}, "event": "event_published", "level": "info", "timestamp": "2026-08-02T13:53:32.852168Z"}
{"event_name": "anime.needs_review", "data": {"anime_id": 433, "candidates": []}, "event": "event_published", "level": "info", "timestamp": "2026-08-02T13:53:32.866193Z"}
{"anime_id": 434, "anidb_id": 20161, "event": "identification_nfo_hit", "level": "info", "timestamp": "2026-08-02T13:53:32.888122Z"}
{"event_name": "anime.identified", "data": {"anime_id": 434, "anidb_id": 20161, "score": null}, "event": "event_published", "level": "info", "timestamp": "2026-08-02T13:53:33.011723Z"}
{"event_name": "anime.needs_review", "data": {"anime_id": 435, "candidates": [{"aid": 16945, "title": "Ero Ishi: Seijun Bishoujo o Kotoba Takumi ni Hametai Houdai", "score": 99.14529914529915}, {"aid": 16945, "title": "JK to Ero Ishi: Seijun Bishoujo JK o Kotoba Takumi ni Hametai Houdai", "score": 95.0}]}, "event": "event_published", "level": "info", "timestamp": "2026-08-02T13:53:33.029105Z"}
{"anime_id": 436, "anidb_id": 19542, "event": "identification_nfo_hit", "level": "info", "timestamp": "2026-08-02T13:53:33.066678Z"}
{"event_name": "anime.identified", "data": {"anime_id": 436, "anidb_id": 19542, "score": null}, "event": "event_published", "level": "info", "timestamp": "2026-08-02T13:53:33.252885Z"}
{"anime_id": 437, "anidb_id": 19976, "event": "identification_nfo_hit", "level": "info", "timestamp": "2026-08-02T13:53:33.276567Z"}
{"event_name": "anime.identified", "data": {"anime_id": 437, "anidb_id": 19976, "score": null}, "event": "event_published", "level": "info", "timestamp": "2026-08-02T13:53:33.403823Z"}
{"anime_id": 438, "anidb_id": 19738, "event": "identification_nfo_hit", "level": "info", "timestamp": "2026-08-02T13:53:33.428217Z"}
{"event_name": "anime.identified", "data": {"anime_id": 438, "anidb_id": 19738, "score": null}, "event": "event_published", "level": "info", "timestamp": "2026-08-02T13:53:33.528578Z"}
{"anime_id": 439, "anidb_id": 19575, "event": "identification_nfo_hit", "level": "info", "timestamp": "2026-08-02T13:53:33.552410Z"}
{"event_name": "anime.identified", "data": {"anime_id": 439, "anidb_id": 19575, "score": null}, "event": "event_published", "level": "info", "timestamp": "2026-08-02T13:53:33.748431Z"}
{"anime_id": 439, "anidb_id": 19575, "duplicate_of_anime_id": 4, "event": "anime_duplicate_detected", "level": "warning", "timestamp": "2026-08-02T13:53:33.750585Z"}
{"event_name": "anime.duplicate_detected", "data": {"anime_id": 439, "anidb_id": 19575, "duplicate_of_anime_id": 4}, "event": "event_published", "level": "info", "timestamp": "2026-08-02T13:53:33.752629Z"}
{"anime_id": 440, "anidb_id": 19956, "event": "identification_nfo_hit", "level": "info", "timestamp": "2026-08-02T13:53:33.782343Z"}
{"event_name": "anime.identified", "data": {"anime_id": 440, "anidb_id": 19956, "score": null}, "event": "event_published", "level": "info", "timestamp": "2026-08-02T13:53:33.929685Z"}
{"anime_id": 441, "anidb_id": 19917, "event": "identification_nfo_hit", "level": "info", "timestamp": "2026-08-02T13:53:33.949623Z"}
{"event_name": "anime.identified", "data": {"anime_id": 441, "anidb_id": 19917, "score": null}, "event": "event_published", "level": "info", "timestamp": "2026-08-02T13:53:34.039785Z"}
{"anime_id": 425, "anidb_id": 19499, "event": "identification_nfo_hit", "level": "info", "timestamp": "2026-08-02T13:53:34.059359Z"}
{"event_name": "anime.identified", "data": {"anime_id": 425, "anidb_id": 19499, "score": null}, "event": "event_published", "level": "info", "timestamp": "2026-08-02T13:53:34.196583Z"}
{"anime_id": 425, "anidb_id": 19499, "duplicate_of_anime_id": 171, "event": "anime_duplicate_detected", "level": "warning", "timestamp": "2026-08-02T13:53:34.197585Z"}
{"event_name": "anime.duplicate_detected", "data": {"anime_id": 425, "anidb_id": 19499, "duplicate_of_anime_id": 171}, "event": "event_published", "level": "info", "timestamp": "2026-08-02T13:53:34.199110Z"}
{"anime_id": 426, "anidb_id": 19412, "event": "identification_nfo_hit", "level": "info", "timestamp": "2026-08-02T13:53:34.245939Z"}
{"event_name": "anime.identified", "data": {"anime_id": 426, "anidb_id": 19412, "score": null}, "event": "event_published", "level": "info", "timestamp": "2026-08-02T13:53:34.336810Z"}
{"anime_id": 427, "anidb_id": 18843, "event": "identification_nfo_hit", "level": "info", "timestamp": "2026-08-02T13:53:34.379888Z"}
{"event_name": "anime.identified", "data": {"anime_id": 427, "anidb_id": 18843, "score": null}, "event": "event_published", "level": "info", "timestamp": "2026-08-02T13:53:34.652487Z"}
{"anime_id": 427, "anidb_id": 18843, "duplicate_of_anime_id": 264, "event": "anime_duplicate_detected", "level": "warning", "timestamp": "2026-08-02T13:53:34.654014Z"}
{"event_name": "anime.duplicate_detected", "data": {"anime_id": 427, "anidb_id": 18843, "duplicate_of_anime_id": 264}, "event": "event_published", "level": "info", "timestamp": "2026-08-02T13:53:34.657057Z"}
{"anime_id": 428, "anidb_id": 18896, "event": "identification_nfo_hit", "level": "info", "timestamp": "2026-08-02T13:53:34.676966Z"}
{"event_name": "anime.identified", "data": {"anime_id": 428, "anidb_id": 18896, "score": null}, "event": "event_published", "level": "info", "timestamp": "2026-08-02T13:53:34.756665Z"}
{"anime_id": 428, "anidb_id": 18896, "duplicate_of_anime_id": 115, "event": "anime_duplicate_detected", "level": "warning", "timestamp": "2026-08-02T13:53:34.758214Z"}
{"event_name": "anime.duplicate_detected", "data": {"anime_id": 428, "anidb_id": 18896, "duplicate_of_anime_id": 115}, "event": "event_published", "level": "info", "timestamp": "2026-08-02T13:53:34.760231Z"}
{"anime_id": 429, "anidb_id": 19556, "event": "identification_nfo_hit", "level": "info", "timestamp": "2026-08-02T13:53:34.780220Z"}
{"event_name": "anime.identified", "data": {"anime_id": 429, "anidb_id": 19556, "score": null}, "event": "event_published", "level": "info", "timestamp": "2026-08-02T13:53:34.884371Z"}
{"anime_id": 430, "anidb_id": 18184, "event": "identification_nfo_hit", "level": "info", "timestamp": "2026-08-02T13:53:34.905584Z"}
{"event_name": "anime.identified", "data": {"anime_id": 430, "anidb_id": 18184, "score": null}, "event": "event_published", "level": "info", "timestamp": "2026-08-02T13:53:34.997360Z"}
{"anime_id": 430, "anidb_id": 18184, "duplicate_of_anime_id": 37, "event": "anime_duplicate_detected", "level": "warning", "timestamp": "2026-08-02T13:53:34.997360Z"}
{"event_name": "anime.duplicate_detected", "data": {"anime_id": 430, "anidb_id": 18184, "duplicate_of_anime_id": 37}, "event": "event_published", "level": "info", "timestamp": "2026-08-02T13:53:35.021564Z"}
{"anime_id": 431, "anidb_id": 16198, "event": "identification_nfo_hit", "level": "info", "timestamp": "2026-08-02T13:53:35.041019Z"}
{"event_name": "anime.identified", "data": {"anime_id": 431, "anidb_id": 16198, "score": null}, "event": "event_published", "level": "info", "timestamp": "2026-08-02T13:53:35.153044Z"}
{"anime_id": 431, "anidb_id": 16198, "duplicate_of_anime_id": 212, "event": "anime_duplicate_detected", "level": "warning", "timestamp": "2026-08-02T13:53:35.153044Z"}
{"event_name": "anime.duplicate_detected", "data": {"anime_id": 431, "anidb_id": 16198, "duplicate_of_anime_id": 212}, "event": "event_published", "level": "info", "timestamp": "2026-08-02T13:53:35.154552Z"}
{"event_name": "anime.needs_review", "data": {"anime_id": 432, "candidates": []}, "event": "event_published", "level": "info", "timestamp": "2026-08-02T13:53:35.169418Z"}
{"event_name": "anime.needs_review", "data": {"anime_id": 433, "candidates": []}, "event": "event_published", "level": "info", "timestamp": "2026-08-02T13:53:35.180508Z"}
{"anime_id": 434, "anidb_id": 20161, "event": "identification_nfo_hit", "level": "info", "timestamp": "2026-08-02T13:53:35.198833Z"}
{"event_name": "anime.identified", "data": {"anime_id": 434, "anidb_id": 20161, "score": null}, "event": "event_published", "level": "info", "timestamp": "2026-08-02T13:53:35.309841Z"}
{"event_name": "anime.needs_review", "data": {"anime_id": 435, "candidates": [{"aid": 16945, "title": "Ero Ishi: Seijun Bishoujo o Kotoba Takumi ni Hametai Houdai", "score": 99.14529914529915}, {"aid": 16945, "title": "JK to Ero Ishi: Seijun Bishoujo JK o Kotoba Takumi ni Hametai Houdai", "score": 95.0}]}, "event": "event_published", "level": "info", "timestamp": "2026-08-02T13:53:35.324773Z"}
{"anime_id": 436, "anidb_id": 19542, "event": "identification_nfo_hit", "level": "info", "timestamp": "2026-08-02T13:53:35.343101Z"}
{"event_name": "anime.identified", "data": {"anime_id": 436, "anidb_id": 19542, "score": null}, "event": "event_published", "level": "info", "timestamp": "2026-08-02T13:53:35.439738Z"}
{"anime_id": 437, "anidb_id": 19976, "event": "identification_nfo_hit", "level": "info", "timestamp": "2026-08-02T13:53:35.460150Z"}
{"event_name": "anime.identified", "data": {"anime_id": 437, "anidb_id": 19976, "score": null}, "event": "event_published", "level": "info", "timestamp": "2026-08-02T13:53:35.565982Z"}
{"anime_id": 438, "anidb_id": 19738, "event": "identification_nfo_hit", "level": "info", "timestamp": "2026-08-02T13:53:35.583987Z"}
{"event_name": "anime.identified", "data": {"anime_id": 438, "anidb_id": 19738, "score": null}, "event": "event_published", "level": "info", "timestamp": "2026-08-02T13:53:35.648942Z"}
{"anime_id": 439, "anidb_id": 19575, "event": "identification_nfo_hit", "level": "info", "timestamp": "2026-08-02T13:53:35.671183Z"}
{"event_name": "anime.identified", "data": {"anime_id": 439, "anidb_id": 19575, "score": null}, "event": "event_published", "level": "info", "timestamp": "2026-08-02T13:53:35.782716Z"}
{"anime_id": 439, "anidb_id": 19575, "duplicate_of_anime_id": 4, "event": "anime_duplicate_detected", "level": "warning", "timestamp": "2026-08-02T13:53:35.784243Z"}
{"event_name": "anime.duplicate_detected", "data": {"anime_id": 439, "anidb_id": 19575, "duplicate_of_anime_id": 4}, "event": "event_published", "level": "info", "timestamp": "2026-08-02T13:53:35.785773Z"}
{"anime_id": 440, "anidb_id": 19956, "event": "identification_nfo_hit", "level": "info", "timestamp": "2026-08-02T13:53:35.811577Z"}
{"event_name": "anime.identified", "data": {"anime_id": 440, "anidb_id": 19956, "score": null}, "event": "event_published", "level": "info", "timestamp": "2026-08-02T13:53:35.902007Z"}
{"anime_id": 441, "anidb_id": 19917, "event": "identification_nfo_hit", "level": "info", "timestamp": "2026-08-02T13:53:35.920500Z"}
{"event_name": "anime.identified", "data": {"anime_id": 441, "anidb_id": 19917, "score": null}, "event": "event_published", "level": "info", "timestamp": "2026-08-02T13:53:35.977643Z"}
{"anime_id": 425, "anidb_id": 19499, "event": "identification_nfo_hit", "level": "info", "timestamp": "2026-08-02T13:53:35.995910Z"}
{"event_name": "anime.identified", "data": {"anime_id": 425, "anidb_id": 19499, "score": null}, "event": "event_published", "level": "info", "timestamp": "2026-08-02T13:53:36.076241Z"}
{"anime_id": 425, "anidb_id": 19499, "duplicate_of_anime_id": 171, "event": "anime_duplicate_detected", "level": "warning", "timestamp": "2026-08-02T13:53:36.077756Z"}
{"event_name": "anime.duplicate_detected", "data": {"anime_id": 425, "anidb_id": 19499, "duplicate_of_anime_id": 171}, "event": "event_published", "level": "info", "timestamp": "2026-08-02T13:53:36.080806Z"}
{"anime_id": 426, "anidb_id": 19412, "event": "identification_nfo_hit", "level": "info", "timestamp": "2026-08-02T13:53:36.097114Z"}
{"event_name": "anime.identified", "data": {"anime_id": 426, "anidb_id": 19412, "score": null}, "event": "event_published", "level": "info", "timestamp": "2026-08-02T13:53:36.152378Z"}
{"anime_id": 427, "anidb_id": 18843, "event": "identification_nfo_hit", "level": "info", "timestamp": "2026-08-02T13:53:36.171301Z"}
{"event_name": "anime.identified", "data": {"anime_id": 427, "anidb_id": 18843, "score": null}, "event": "event_published", "level": "info", "timestamp": "2026-08-02T13:53:36.256484Z"}
{"anime_id": 427, "anidb_id": 18843, "duplicate_of_anime_id": 264, "event": "anime_duplicate_detected", "level": "warning", "timestamp": "2026-08-02T13:53:36.258019Z"}
{"event_name": "anime.duplicate_detected", "data": {"anime_id": 427, "anidb_id": 18843, "duplicate_of_anime_id": 264}, "event": "event_published", "level": "info", "timestamp": "2026-08-02T13:53:36.261567Z"}
{"anime_id": 428, "anidb_id": 18896, "event": "identification_nfo_hit", "level": "info", "timestamp": "2026-08-02T13:53:36.278983Z"}
{"event_name": "anime.identified", "data": {"anime_id": 428, "anidb_id": 18896, "score": null}, "event": "event_published", "level": "info", "timestamp": "2026-08-02T13:53:36.360523Z"}
{"anime_id": 428, "anidb_id": 18896, "duplicate_of_anime_id": 115, "event": "anime_duplicate_detected", "level": "warning", "timestamp": "2026-08-02T13:53:36.362038Z"}
{"event_name": "anime.duplicate_detected", "data": {"anime_id": 428, "anidb_id": 18896, "duplicate_of_anime_id": 115}, "event": "event_published", "level": "info", "timestamp": "2026-08-02T13:53:36.365082Z"}
{"anime_id": 429, "anidb_id": 19556, "event": "identification_nfo_hit", "level": "info", "timestamp": "2026-08-02T13:53:36.385565Z"}
{"event_name": "anime.identified", "data": {"anime_id": 429, "anidb_id": 19556, "score": null}, "event": "event_published", "level": "info", "timestamp": "2026-08-02T13:53:36.461684Z"}
{"anime_id": 430, "anidb_id": 18184, "event": "identification_nfo_hit", "level": "info", "timestamp": "2026-08-02T13:53:36.481392Z"}
{"event_name": "anime.identified", "data": {"anime_id": 430, "anidb_id": 18184, "score": null}, "event": "event_published", "level": "info", "timestamp": "2026-08-02T13:53:36.605993Z"}
{"anime_id": 430, "anidb_id": 18184, "duplicate_of_anime_id": 37, "event": "anime_duplicate_detected", "level": "warning", "timestamp": "2026-08-02T13:53:36.606505Z"}
{"event_name": "anime.duplicate_detected", "data": {"anime_id": 430, "anidb_id": 18184, "duplicate_of_anime_id": 37}, "event": "event_published", "level": "info", "timestamp": "2026-08-02T13:53:36.609062Z"}
{"anime_id": 431, "anidb_id": 16198, "event": "identification_nfo_hit", "level": "info", "timestamp": "2026-08-02T13:53:36.628674Z"}
{"event_name": "anime.identified", "data": {"anime_id": 431, "anidb_id": 16198, "score": null}, "event": "event_published", "level": "info", "timestamp": "2026-08-02T13:53:36.769102Z"}
{"anime_id": 431, "anidb_id": 16198, "duplicate_of_anime_id": 212, "event": "anime_duplicate_detected", "level": "warning", "timestamp": "2026-08-02T13:53:36.770613Z"}
{"event_name": "anime.duplicate_detected", "data": {"anime_id": 431, "anidb_id": 16198, "duplicate_of_anime_id": 212}, "event": "event_published", "level": "info", "timestamp": "2026-08-02T13:53:36.773136Z"}
{"event_name": "anime.needs_review", "data": {"anime_id": 432, "candidates": []}, "event": "event_published", "level": "info", "timestamp": "2026-08-02T13:53:36.789825Z"}
{"event_name": "anime.needs_review", "data": {"anime_id": 433, "candidates": []}, "event": "event_published", "level": "info", "timestamp": "2026-08-02T13:53:36.801470Z"}
{"anime_id": 434, "anidb_id": 20161, "event": "identification_nfo_hit", "level": "info", "timestamp": "2026-08-02T13:53:36.820697Z"}
{"event_name": "anime.identified", "data": {"anime_id": 434, "anidb_id": 20161, "score": null}, "event": "event_published", "level": "info", "timestamp": "2026-08-02T13:53:36.900041Z"}
{"event_name": "anime.needs_review", "data": {"anime_id": 435, "candidates": [{"aid": 16945, "title": "Ero Ishi: Seijun Bishoujo o Kotoba Takumi ni Hametai Houdai", "score": 99.14529914529915}, {"aid": 16945, "title": "JK to Ero Ishi: Seijun Bishoujo JK o Kotoba Takumi ni Hametai Houdai", "score": 95.0}]}, "event": "event_published", "level": "info", "timestamp": "2026-08-02T13:53:36.913796Z"}
{"anime_id": 436, "anidb_id": 19542, "event": "identification_nfo_hit", "level": "info", "timestamp": "2026-08-02T13:53:36.930503Z"}
{"event_name": "anime.identified", "data": {"anime_id": 436, "anidb_id": 19542, "score": null}, "event": "event_published", "level": "info", "timestamp": "2026-08-02T13:53:37.003579Z"}
{"anime_id": 437, "anidb_id": 19976, "event": "identification_nfo_hit", "level": "info", "timestamp": "2026-08-02T13:53:37.021363Z"}
{"event_name": "anime.identified", "data": {"anime_id": 437, "anidb_id": 19976, "score": null}, "event": "event_published", "level": "info", "timestamp": "2026-08-02T13:53:37.100080Z"}
{"anime_id": 438, "anidb_id": 19738, "event": "identification_nfo_hit", "level": "info", "timestamp": "2026-08-02T13:53:37.117030Z"}
{"event_name": "anime.identified", "data": {"anime_id": 438, "anidb_id": 19738, "score": null}, "event": "event_published", "level": "info", "timestamp": "2026-08-02T13:53:37.179466Z"}
{"anime_id": 439, "anidb_id": 19575, "event": "identification_nfo_hit", "level": "info", "timestamp": "2026-08-02T13:53:37.199446Z"}
{"event_name": "anime.identified", "data": {"anime_id": 439, "anidb_id": 19575, "score": null}, "event": "event_published", "level": "info", "timestamp": "2026-08-02T13:53:37.288148Z"}
{"anime_id": 439, "anidb_id": 19575, "duplicate_of_anime_id": 4, "event": "anime_duplicate_detected", "level": "warning", "timestamp": "2026-08-02T13:53:37.288661Z"}
{"event_name": "anime.duplicate_detected", "data": {"anime_id": 439, "anidb_id": 19575, "duplicate_of_anime_id": 4}, "event": "event_published", "level": "info", "timestamp": "2026-08-02T13:53:37.290167Z"}
{"anime_id": 440, "anidb_id": 19956, "event": "identification_nfo_hit", "level": "info", "timestamp": "2026-08-02T13:53:37.309637Z"}
{"event_name": "anime.identified", "data": {"anime_id": 440, "anidb_id": 19956, "score": null}, "event": "event_published", "level": "info", "timestamp": "2026-08-02T13:53:37.418205Z"}
{"anime_id": 441, "anidb_id": 19917, "event": "identification_nfo_hit", "level": "info", "timestamp": "2026-08-02T13:53:37.440079Z"}
{"event_name": "anime.identified", "data": {"anime_id": 441, "anidb_id": 19917, "score": null}, "event": "event_published", "level": "info", "timestamp": "2026-08-02T13:53:37.528257Z"}
{"anime_id": 425, "anidb_id": 19499, "event": "identification_nfo_hit", "level": "info", "timestamp": "2026-08-02T13:53:37.546102Z"}
{"event_name": "anime.identified", "data": {"anime_id": 425, "anidb_id": 19499, "score": null}, "event": "event_published", "level": "info", "timestamp": "2026-08-02T13:53:37.611443Z"}
{"anime_id": 425, "anidb_id": 19499, "duplicate_of_anime_id": 171, "event": "anime_duplicate_detected", "level": "warning", "timestamp": "2026-08-02T13:53:37.612965Z"}
{"event_name": "anime.duplicate_detected", "data": {"anime_id": 425, "anidb_id": 19499, "duplicate_of_anime_id": 171}, "event": "event_published", "level": "info", "timestamp": "2026-08-02T13:53:37.614485Z"}
{"anime_id": 426, "anidb_id": 19412, "event": "identification_nfo_hit", "level": "info", "timestamp": "2026-08-02T13:53:37.630661Z"}
{"event_name": "anime.identified", "data": {"anime_id": 426, "anidb_id": 19412, "score": null}, "event": "event_published", "level": "info", "timestamp": "2026-08-02T13:53:37.688159Z"}
{"anime_id": 427, "anidb_id": 18843, "event": "identification_nfo_hit", "level": "info", "timestamp": "2026-08-02T13:53:37.708322Z"}
{"event_name": "anime.identified", "data": {"anime_id": 427, "anidb_id": 18843, "score": null}, "event": "event_published", "level": "info", "timestamp": "2026-08-02T13:53:37.790066Z"}
{"anime_id": 427, "anidb_id": 18843, "duplicate_of_anime_id": 264, "event": "anime_duplicate_detected", "level": "warning", "timestamp": "2026-08-02T13:53:37.790066Z"}
{"event_name": "anime.duplicate_detected", "data": {"anime_id": 427, "anidb_id": 18843, "duplicate_of_anime_id": 264}, "event": "event_published", "level": "info", "timestamp": "2026-08-02T13:53:37.792676Z"}
{"anime_id": 428, "anidb_id": 18896, "event": "identification_nfo_hit", "level": "info", "timestamp": "2026-08-02T13:53:37.812276Z"}
{"event_name": "anime.identified", "data": {"anime_id": 428, "anidb_id": 18896, "score": null}, "event": "event_published", "level": "info", "timestamp": "2026-08-02T13:53:37.888102Z"}
{"anime_id": 428, "anidb_id": 18896, "duplicate_of_anime_id": 115, "event": "anime_duplicate_detected", "level": "warning", "timestamp": "2026-08-02T13:53:37.889612Z"}
{"event_name": "anime.duplicate_detected", "data": {"anime_id": 428, "anidb_id": 18896, "duplicate_of_anime_id": 115}, "event": "event_published", "level": "info", "timestamp": "2026-08-02T13:53:37.891152Z"}
{"anime_id": 429, "anidb_id": 19556, "event": "identification_nfo_hit", "level": "info", "timestamp": "2026-08-02T13:53:37.911592Z"}
{"event_name": "anime.identified", "data": {"anime_id": 429, "anidb_id": 19556, "score": null}, "event": "event_published", "level": "info", "timestamp": "2026-08-02T13:53:38.004364Z"}
{"anime_id": 430, "anidb_id": 18184, "event": "identification_nfo_hit", "level": "info", "timestamp": "2026-08-02T13:53:38.026267Z"}
{"event_name": "anime.identified", "data": {"anime_id": 430, "anidb_id": 18184, "score": null}, "event": "event_published", "level": "info", "timestamp": "2026-08-02T13:53:38.132804Z"}
{"anime_id": 430, "anidb_id": 18184, "duplicate_of_anime_id": 37, "event": "anime_duplicate_detected", "level": "warning", "timestamp": "2026-08-02T13:53:38.132804Z"}
{"event_name": "anime.duplicate_detected", "data": {"anime_id": 430, "anidb_id": 18184, "duplicate_of_anime_id": 37}, "event": "event_published", "level": "info", "timestamp": "2026-08-02T13:53:38.135877Z"}
{"anime_id": 431, "anidb_id": 16198, "event": "identification_nfo_hit", "level": "info", "timestamp": "2026-08-02T13:53:38.159342Z"}
{"event_name": "anime.identified", "data": {"anime_id": 431, "anidb_id": 16198, "score": null}, "event": "event_published", "level": "info", "timestamp": "2026-08-02T13:53:38.288284Z"}
{"anime_id": 431, "anidb_id": 16198, "duplicate_of_anime_id": 212, "event": "anime_duplicate_detected", "level": "warning", "timestamp": "2026-08-02T13:53:38.289802Z"}
{"event_name": "anime.duplicate_detected", "data": {"anime_id": 431, "anidb_id": 16198, "duplicate_of_anime_id": 212}, "event": "event_published", "level": "info", "timestamp": "2026-08-02T13:53:38.292858Z"}
{"event_name": "anime.needs_review", "data": {"anime_id": 432, "candidates": []}, "event": "event_published", "level": "info", "timestamp": "2026-08-02T13:53:38.307518Z"}
{"event_name": "anime.needs_review", "data": {"anime_id": 433, "candidates": []}, "event": "event_published", "level": "info", "timestamp": "2026-08-02T13:53:38.318189Z"}
{"anime_id": 434, "anidb_id": 20161, "event": "identification_nfo_hit", "level": "info", "timestamp": "2026-08-02T13:53:38.339161Z"}
{"event_name": "anime.identified", "data": {"anime_id": 434, "anidb_id": 20161, "score": null}, "event": "event_published", "level": "info", "timestamp": "2026-08-02T13:53:38.418887Z"}
{"event_name": "anime.needs_review", "data": {"anime_id": 435, "candidates": [{"aid": 16945, "title": "Ero Ishi: Seijun Bishoujo o Kotoba Takumi ni Hametai Houdai", "score": 99.14529914529915}, {"aid": 16945, "title": "JK to Ero Ishi: Seijun Bishoujo JK o Kotoba Takumi ni Hametai Houdai", "score": 95.0}]}, "event": "event_published", "level": "info", "timestamp": "2026-08-02T13:53:38.434761Z"}
{"anime_id": 436, "anidb_id": 19542, "event": "identification_nfo_hit", "level": "info", "timestamp": "2026-08-02T13:53:38.452632Z"}
{"event_name": "anime.identified", "data": {"anime_id": 436, "anidb_id": 19542, "score": null}, "event": "event_published", "level": "info", "timestamp": "2026-08-02T13:53:38.529193Z"}
{"anime_id": 437, "anidb_id": 19976, "event": "identification_nfo_hit", "level": "info", "timestamp": "2026-08-02T13:53:38.550151Z"}
{"event_name": "anime.identified", "data": {"anime_id": 437, "anidb_id": 19976, "score": null}, "event": "event_published", "level": "info", "timestamp": "2026-08-02T13:53:38.635966Z"}
{"anime_id": 438, "anidb_id": 19738, "event": "identification_nfo_hit", "level": "info", "timestamp": "2026-08-02T13:53:38.658298Z"}
{"event_name": "anime.identified", "data": {"anime_id": 438, "anidb_id": 19738, "score": null}, "event": "event_published", "level": "info", "timestamp": "2026-08-02T13:53:38.736321Z"}
{"anime_id": 439, "anidb_id": 19575, "event": "identification_nfo_hit", "level": "info", "timestamp": "2026-08-02T13:53:38.757530Z"}
{"event_name": "anime.identified", "data": {"anime_id": 439, "anidb_id": 19575, "score": null}, "event": "event_published", "level": "info", "timestamp": "2026-08-02T13:53:38.864893Z"}
{"anime_id": 439, "anidb_id": 19575, "duplicate_of_anime_id": 4, "event": "anime_duplicate_detected", "level": "warning", "timestamp": "2026-08-02T13:53:38.866418Z"}
{"event_name": "anime.duplicate_detected", "data": {"anime_id": 439, "anidb_id": 19575, "duplicate_of_anime_id": 4}, "event": "event_published", "level": "info", "timestamp": "2026-08-02T13:53:38.869637Z"}
{"anime_id": 440, "anidb_id": 19956, "event": "identification_nfo_hit", "level": "info", "timestamp": "2026-08-02T13:53:38.910021Z"}
{"event_name": "anime.identified", "data": {"anime_id": 440, "anidb_id": 19956, "score": null}, "event": "event_published", "level": "info", "timestamp": "2026-08-02T13:53:39.044327Z"}
{"anime_id": 441, "anidb_id": 19917, "event": "identification_nfo_hit", "level": "info", "timestamp": "2026-08-02T13:53:39.066007Z"}
{"event_name": "anime.identified", "data": {"anime_id": 441, "anidb_id": 19917, "score": null}, "event": "event_published", "level": "info", "timestamp": "2026-08-02T13:53:39.145997Z"}
{"event_name": "anime.identified", "data": {"anime_id": 432, "anidb_id": 8966, "score": null}, "event": "event_published", "level": "info", "timestamp": "2026-08-02T13:53:47.858891Z"}
{"event_name": "anime.identified", "data": {"anime_id": 433, "anidb_id": 19845, "score": null}, "event": "event_published", "level": "info", "timestamp": "2026-08-02T13:54:12.031845Z"}
{"event_name": "anime.identified", "data": {"anime_id": 435, "anidb_id": 16945, "score": null}, "event": "event_published", "level": "info", "timestamp": "2026-08-02T13:54:45.913306Z"}
{"anime_id": 435, "anidb_id": 16945, "duplicate_of_anime_id": 342, "event": "anime_duplicate_detected", "level": "warning", "timestamp": "2026-08-02T13:54:45.913306Z"}
{"event_name": "anime.duplicate_detected", "data": {"anime_id": 435, "anidb_id": 16945, "duplicate_of_anime_id": 342}, "event": "event_published", "level": "info", "timestamp": "2026-08-02T13:54:45.914831Z"}
{"event_name": "anime.removed", "data": {"anime_id": 425, "path": "\\\\NIGHTMAREMOON\\media\\Hentai-rename\\h na gishi series the animation"}, "event": "event_published", "level": "info", "timestamp": "2026-08-02T13:54:52.802152Z"}
{"event_name": "anime.sorted", "data": {"anime_id": 171, "moved": 3, "unmatched": 0}, "event": "event_published", "level": "info", "timestamp": "2026-08-02T13:54:52.802152Z"}
{"event_name": "anime.sorted", "data": {"anime_id": 426, "moved": 1, "unmatched": 0}, "event": "event_published", "level": "info", "timestamp": "2026-08-02T13:54:58.975730Z"}
{"event_name": "anime.removed", "data": {"anime_id": 427, "path": "\\\\NIGHTMAREMOON\\media\\Hentai-rename\\Elf ni Inmon o Tsukeru Hon The Animation"}, "event": "event_published", "level": "info", "timestamp": "2026-08-02T13:55:01.874758Z"}
{"event_name": "anime.sorted", "data": {"anime_id": 264, "moved": 2, "unmatched": 0}, "event": "event_published", "level": "info", "timestamp": "2026-08-02T13:55:01.875262Z"}
{"event_name": "anime.removed", "data": {"anime_id": 428, "path": "\\\\NIGHTMAREMOON\\media\\Hentai-rename\\Iribitari Gal ni Manko Tsukawasete Morau Hanashi"}, "event": "event_published", "level": "info", "timestamp": "2026-08-02T13:55:03.290928Z"}
{"event_name": "anime.sorted", "data": {"anime_id": 115, "moved": 1, "unmatched": 0}, "event": "event_published", "level": "info", "timestamp": "2026-08-02T13:55:03.290928Z"}
{"event_name": "anime.sorted", "data": {"anime_id": 429, "moved": 1, "unmatched": 0}, "event": "event_published", "level": "info", "timestamp": "2026-08-02T13:55:06.852606Z"}
{"event_name": "anime.removed", "data": {"anime_id": 430, "path": "\\\\NIGHTMAREMOON\\media\\Hentai-rename\\No Waifu No Life"}, "event": "event_published", "level": "info", "timestamp": "2026-08-02T13:55:09.228928Z"}
{"event_name": "anime.sorted", "data": {"anime_id": 37, "moved": 1, "unmatched": 0}, "event": "event_published", "level": "info", "timestamp": "2026-08-02T13:55:09.228928Z"}
{"event_name": "anime.removed", "data": {"anime_id": 431, "path": "\\\\NIGHTMAREMOON\\media\\Hentai-rename\\Imaizumin chi wa Douyara Gal no Tamariba ni Natteru Rashii"}, "event": "event_published", "level": "info", "timestamp": "2026-08-02T13:55:11.350439Z"}
{"event_name": "anime.sorted", "data": {"anime_id": 212, "moved": 2, "unmatched": 0}, "event": "event_published", "level": "info", "timestamp": "2026-08-02T13:55:11.351970Z"}
{"event_name": "anime.removed", "data": {"anime_id": 435, "path": "\\\\NIGHTMAREMOON\\media\\Hentai-rename\\Ero Ishi Seijun Bishoujo o Kotoba Takumi ni Hametai Houdai"}, "event": "event_published", "level": "info", "timestamp": "2026-08-02T13:56:03.949619Z"}
{"event_name": "anime.sorted", "data": {"anime_id": 342, "moved": 1, "unmatched": 0}, "event": "event_published", "level": "info", "timestamp": "2026-08-02T13:56:03.949619Z"}
{"event_name": "anime.sorted", "data": {"anime_id": 434, "moved": 1, "unmatched": 0}, "event": "event_published", "level": "info", "timestamp": "2026-08-02T13:57:15.989303Z"}
{"event_name": "anime.sorted", "data": {"anime_id": 436, "moved": 3, "unmatched": 0}, "event": "event_published", "level": "info", "timestamp": "2026-08-02T13:57:23.563413Z"}
{"event_name": "anime.sorted", "data": {"anime_id": 433, "moved": 2, "unmatched": 0}, "event": "event_published", "level": "info", "timestamp": "2026-08-02T13:57:38.426060Z"}
{"event_name": "anime.sorted", "data": {"anime_id": 437, "moved": 2, "unmatched": 0}, "event": "event_published", "level": "info", "timestamp": "2026-08-02T13:57:43.237419Z"}
{"event_name": "anime.sorted", "data": {"anime_id": 438, "moved": 1, "unmatched": 0}, "event": "event_published", "level": "info", "timestamp": "2026-08-02T13:57:45.152824Z"}
{"event_name": "anime.sorted", "data": {"anime_id": 440, "moved": 1, "unmatched": 0}, "event": "event_published", "level": "info", "timestamp": "2026-08-02T13:57:47.341899Z"}
{"event_name": "anime.sorted", "data": {"anime_id": 441, "moved": 1, "unmatched": 0}, "event": "event_published", "level": "info", "timestamp": "2026-08-02T13:57:49.520989Z"}
{"event_name": "anime.identified", "data": {"anime_id": 310, "anidb_id": 16686, "score": null}, "event": "event_published", "level": "info", "timestamp": "2026-08-02T13:58:46.095376Z"}
